101	p	17.0214,99.8195 17.0218,99.8178 17.0221,99.8161 17.0218,99.8146 17.0195,99.8126 17.0184,99.8118 17.0172,99.8110 17.0141,99.8088 17.0114,99.8068 17.0096,99.8055 17.0092,99.8052
106	p	17.3352,99.4867 17.3354,99.4832 17.3355,99.4809 17.3356,99.4793 17.3357,99.4770 17.3372,99.4757 17.3385,99.4748 17.3396,99.4736 17.3418,99.4705 17.3425,99.4693 17.3428,99.4677 17.3427,99.4659 17.3426,99.4632 17.3425,99.4611 17.3424,99.4576 17.3422,99.4552 17.3443,99.4479 17.3449,99.4460 17.3454,99.4444 17.3462,99.4417 17.3467,99.4400 17.3474,99.4378 17.3483,99.4366 17.3499,99.4351 17.3505,99.4338 17.3498,99.4244 17.3496,99.4210 17.3497,99.4174 17.3536,99.4142 17.3619,99.4123 17.3641,99.4118 17.3658,99.4088 17.3684,99.4068 17.3780,99.4010 17.3829,99.3995 17.3852,99.3989 17.3871,99.3983 17.3885,99.3979 17.3959,99.3921 17.3973,99.3916 17.3989,99.3915 17.4013,99.3910 17.4053,99.3900 17.4087,99.3890
1201	s	17.3425,99.8263 17.3398,99.8270 17.3366,99.8271 17.3336,99.8263 17.3310,99.8247 17.3286,99.8229 17.3259,99.8208 17.3235,99.8191 17.3173,99.8157 17.3136,99.8154 17.3106,99.8158 17.3089,99.8157
1370	p	17.2793,99.8442 17.2809,99.8442 17.2826,99.8442 17.2840,99.8441 17.2857,99.8441 17.2871,99.8436 17.2885,99.8425 17.2900,99.8403 17.2909,99.8391 17.2919,99.8383
1272	s	17.0176,99.7338 17.0166,99.7342
102	p	17.0212,99.7043 17.0231,99.7038 17.0246,99.7035 17.0261,99.7034 17.0273,99.7028 17.0291,99.7028 17.0318,99.7029 17.0334,99.7030 17.0349,99.7030 17.0367,99.7036 17.0381,99.7040 17.0395,99.7039 17.0410,99.7038 17.0424,99.7033 17.0438,99.7037 17.0451,99.7042 17.0456,99.7043
101	p	17.0213,99.8201 17.0214,99.8195
101	p	17.0211,99.8216 17.0213,99.8201 17.0213,99.8201
12	p	17.0088,99.9258 17.0076,99.9286 17.0076,99.9293
1272	s	17.0045,99.7158 17.0011,99.7177 16.9951,99.7212 16.9899,99.7242 16.9807,99.7295 16.9729,99.7339 16.9668,99.7375 16.9529,99.7427 16.9490,99.7441
1332	s	16.9409,99.6813 16.9396,99.6843 16.9385,99.6873 16.9375,99.6902 16.9367,99.6944 16.9363,99.6976 16.9372,99.7015 16.9377,99.7051 16.9385,99.7085 16.9392,99.7129 16.9399,99.7175 16.9405,99.7203 16.9410,99.7231 16.9422,99.7269 16.9425,99.7281
1332	s	16.9494,99.7864 16.9508,99.7769 16.9513,99.7731 16.9516,99.7698 16.9519,99.7658 16.9519,99.7610 16.9519,99.7574 16.9513,99.7544 16.9511,99.7508 16.9495,99.7476 16.9490,99.7441
1319	s	16.8794,99.7391 16.8853,99.7384 16.8908,99.7378 16.8964,99.7372 16.9003,99.7368 16.9038,99.7363 16.9070,99.7360 16.9102,99.7356
101	p	16.9494,99.7864 16.9535,99.7874 16.9558,99.7877 16.9601,99.7880 16.9657,99.7881 16.9678,99.7882
สท.3049	r	16.7804,99.7405 16.7850,99.7391
สท.3017	r	16.9803,99.7297 16.9821,99.7386 16.9835,99.7447 16.9841,99.7527 16.9835,99.7600 16.9827,99.7689 16.9807,99.7881 16.9807,99.7883
1369	s	17.0047,99.8318 17.0031,99.8342 17.0004,99.8360 16.9996,99.8366
1293	s	17.0109,99.8373 17.0056,99.8392 17.0027,99.8393 17.0003,99.8382
สท.5004	r	16.8826,99.7971 16.8829,99.8031 16.8838,99.8089 16.8873,99.8164 16.8906,99.8213 16.8907,99.8235
สท.4003	r	17.0034,99.8313 17.0046,99.8315
1201	s	17.4363,99.8018 17.4320,99.8014 17.4319,99.8014
1201	s	17.4319,99.8014 17.4306,99.8013
12	p	17.0092,99.8052 17.0094,99.8031 17.0095,99.8014 17.0096,99.7999 17.0098,99.7983 17.0098,99.7981
12	p	17.0163,99.7316 17.0162,99.7333 17.0165,99.7337
101	p	17.0216,99.8195 17.0215,99.8201
101	p	17.0215,99.8201 17.0212,99.8216
	p	17.0174,99.7231 17.0177,99.7209 17.0179,99.7193 17.0182,99.7172 17.0183,99.7157 17.0184,99.7152
12	s	17.0093,99.8053 17.0090,99.8092 17.0090,99.8093
สท.4014	r	16.9837,99.6960 16.9914,99.6963 16.9981,99.6974 16.9994,99.7039 17.0002,99.7074
สท.3024	r	16.9068,99.7873 16.9067,99.7845
สท.3027	r	17.0188,99.8214 17.0166,99.8284 17.0121,99.8337 17.0108,99.8345
1195	s	17.0222,99.8161 17.0249,99.8160 17.0284,99.8159 17.0345,99.8159 17.0381,99.8158 17.0423,99.8158 17.0451,99.8158 17.0480,99.8163 17.0510,99.8177 17.0539,99.8208 17.0558,99.8231 17.0580,99.8257 17.0600,99.8281 17.0635,99.8297 17.0671,99.8303 17.0701,99.8307 17.0708,99.8307
สท.3072	r	17.0936,99.8364 17.0952,99.8258 17.0960,99.8211
102	p	17.6000,100.0458 17.5998,100.0440 17.5995,100.0425 17.5991,100.0408 17.5985,100.0374 17.5976,100.0331 17.5968,100.0287 17.5970,100.0272 17.5979,100.0247 17.5998,100.0196 17.6004,100.0179 17.6008,100.0161 17.6002,100.0144 17.5989,100.0117 17.5982,100.0104 17.5969,100.0079 17.5956,100.0054 17.5933,100.0011 17.5926,99.9997 17.5921,99.9981 17.5918,99.9958 17.5915,99.9943 17.5910,99.9908 17.5908,99.9891 17.5898,99.9829 17.5893,99.9794 17.5889,99.9774 17.5886,99.9758 17.5871,99.9726 17.5830,99.9645 17.5813,99.9613 17.5789,99.9565 17.5778,99.9544 17.5762,99.9513 17.5749,99.9487 17.5732,99.9453 17.5671,99.9334 17.5646,99.9283 17.5592,99.9177 17.5562,99.9116 17.5515,99.9025 17.5490,99.8975 17.5488,99.8959 17.5493,99.8933 17.5520,99.8800 17.5530,99.8750 17.5530,99.8736 17.5529,99.8727
102	p	17.5180,99.7571 17.5175,99.7583
1201	s	17.3538,99.8203 17.3564,99.8190 17.3595,99.8151 17.3616,99.8119 17.3632,99.8094 17.3648,99.8069 17.3677,99.8041 17.3733,99.8000 17.3763,99.7977 17.3790,99.7958 17.3825,99.7932 17.3852,99.7919 17.3907,99.7943 17.3940,99.7955 17.3966,99.7962 17.3994,99.7971 17.4027,99.7989 17.4057,99.7995 17.4096,99.7995 17.4124,99.7990 17.4159,99.7987 17.4187,99.7988 17.4217,99.7999 17.4245,99.8005 17.4281,99.8010 17.4306,99.8013
1056	s	17.1902,99.7694 17.1926,99.7723 17.1944,99.7746 17.1952,99.7781 17.1949,99.7812 17.1941,99.7850 17.1935,99.7887 17.1927,99.7928 17.1918,99.7959 17.1898,99.8012 17.1871,99.8086 17.1861,99.8117 17.1841,99.8172 17.1834,99.8204 17.1832,99.8245 17.1832,99.8272
1056	s	17.1687,99.6981 17.1690,99.7057 17.1692,99.7095 17.1692,99.7096
102	p	17.0571,99.7060 17.0598,99.7065 17.0648,99.7069 17.0665,99.7069 17.0728,99.7066 17.0750,99.7064 17.0816,99.7062 17.0837,99.7060 17.0854,99.7058 17.0868,99.7055 17.0943,99.7042 17.0983,99.7034 17.1068,99.7019 17.1101,99.7013 17.1143,99.7006 17.1174,99.7001 17.1200,99.6997 17.1224,99.6994 17.1280,99.6985 17.1382,99.6976 17.1409,99.6974 17.1482,99.6967 17.1500,99.6966 17.1515,99.6968 17.1545,99.6974 17.1580,99.6981 17.1596,99.6984 17.1618,99.6984 17.1643,99.6983 17.1687,99.6981 17.1769,99.6977 17.1819,99.6974
102	p	17.5170,99.7593 17.5157,99.7619
102	p	17.5175,99.7583 17.5170,99.7593
สท.3019	r	16.8694,99.5837 16.8785,99.5849 16.8840,99.5862 16.8896,99.5874 16.8953,99.5884 16.9008,99.5888 16.9133,99.5887 16.9194,99.5895 16.9248,99.5893 16.9317,99.5873 16.9375,99.5846 16.9433,99.5829 16.9486,99.5812 16.9546,99.5806 16.9637,99.5816 16.9729,99.5787 16.9781,99.5766 16.9840,99.5767 16.9916,99.5793 16.9970,99.5787 17.0028,99.5777 17.0074,99.5768
106	p	17.3029,99.8338 17.3025,99.8324 17.3024,99.8311
101	p	17.3522,99.8328 17.3528,99.8315
1327	s	17.0435,99.5942 17.0463,99.5938 17.0497,99.5934 17.0525,99.5934 17.0553,99.5926 17.0580,99.5918 17.0645,99.5913 17.0694,99.5908 17.0732,99.5903 17.0768,99.5903 17.0812,99.5908 17.0844,99.5904 17.0875,99.5897 17.0933,99.5893 17.0981,99.5898 17.1013,99.5900 17.1041,99.5904 17.1048,99.5932 17.1076,99.5939 17.1110,99.5944 17.1144,99.5961 17.1173,99.5956 17.1202,99.5949 17.1234,99.5952 17.1275,99.5950 17.1321,99.5922 17.1354,99.5920 17.1401,99.5904 17.1458,99.5874 17.1489,99.5859 17.1514,99.5847 17.1541,99.5835 17.1577,99.5830 17.1608,99.5835 17.1628,99.5857 17.1654,99.5889 17.1680,99.5916 17.1703,99.5939 17.1721,99.5962 17.1740,99.5987 17.1761,99.6010 17.1765,99.6013
102	p	17.0569,99.7060 17.0532,99.7053 17.0511,99.7040 17.0488,99.7040 17.0460,99.7043 17.0458,99.7043
102	p	17.3089,99.7326 17.2814,99.7237 17.2565,99.7159
สท.4016	r	16.9853,99.7087 16.9830,99.7027 16.9837,99.6960
125	t	17.0077,99.9297 17.0109,99.9277 17.0129,99.9265 17.0169,99.9240 17.0333,99.9138 17.0340,99.9134
125	t	17.0724,99.8156 17.0721,99.8139 17.0682,99.7937 17.0678,99.7914 17.0664,99.7845 17.0649,99.7764 17.0641,99.7721 17.0619,99.7607 17.0617,99.7584 17.0608,99.7485 17.0602,99.7427 17.0600,99.7403 17.0598,99.7378 17.0596,99.7356 17.0586,99.7253 17.0585,99.7238 17.0580,99.7187 17.0579,99.7172 17.0576,99.7139 17.0574,99.7117 17.0570,99.7069 17.0568,99.7052 17.0563,99.6994 17.0558,99.6945 17.0549,99.6842
12	t	17.0075,99.9300 17.0058,99.9311 17.0037,99.9324 16.9962,99.9371 16.9931,99.9390 16.9854,99.9438 16.9830,99.9453 16.9803,99.9470 16.9782,99.9482 16.9741,99.9508 16.9713,99.9526 16.9670,99.9552 16.9643,99.9569 16.9585,99.9606 16.9547,99.9629 16.9531,99.9639 16.9517,99.9649 16.9507,99.9663 16.9503,99.9679 16.9504,99.9695 16.9515,99.9720 16.9524,99.9739 16.9540,99.9770 16.9548,99.9786 16.9563,99.9818 16.9593,99.9879 16.9601,99.9895 16.9602,99.9897
125	t	17.0550,99.6842 17.0560,99.6944 17.0564,99.6992 17.0570,99.7052 17.0571,99.7069 17.0573,99.7089 17.0575,99.7117 17.0579,99.7159 17.0582,99.7188 17.0586,99.7238 17.0590,99.7279 17.0602,99.7403 17.0609,99.7479 17.0618,99.7584 17.0621,99.7607 17.0643,99.7721 17.0651,99.7764 17.0666,99.7844 17.0680,99.7913 17.0684,99.7936 17.0712,99.8084 17.0723,99.8138 17.0726,99.8155
1201	r	17.5513,99.7719 17.5513,99.7717
102	p	17.4966,99.7519 17.4927,99.7496 17.4840,99.7444 17.4794,99.7417 17.4653,99.7334 17.4632,99.7322 17.4604,99.7308 17.4557,99.7286 17.4542,99.7280 17.4503,99.7275 17.4488,99.7273 17.4450,99.7263 17.4423,99.7256 17.4401,99.7250 17.4379,99.7246 17.4346,99.7244
สท.4008	r	17.3406,99.5926 17.3476,99.5924 17.3541,99.5935 17.3599,99.5935 17.3660,99.5952 17.3717,99.5937 17.3772,99.5904 17.3805,99.5858 17.3846,99.5820 17.3892,99.5788 17.3947,99.5755 17.4000,99.5729 17.4061,99.5736 17.4109,99.5777 17.4161,99.5797 17.4186,99.5795
1294	s	17.5524,99.4945 17.5491,99.4967 17.5476,99.4995 17.5477,99.5040 17.5491,99.5066 17.5486,99.5106 17.5478,99.5133 17.5510,99.5166 17.5515,99.5195 17.5509,99.5228 17.5513,99.5264 17.5522,99.5323 17.5495,99.5342 17.5460,99.5356 17.5430,99.5363 17.5394,99.5346 17.5364,99.5336 17.5321,99.5324 17.5295,99.5337 17.5288,99.5368 17.5262,99.5381 17.5256,99.5413 17.5247,99.5441 17.5245,99.5471 17.5220,99.5484 17.5197,99.5503 17.5173,99.5518 17.5143,99.5500 17.5128,99.5472 17.5125,99.5442 17.5108,99.5416 17.5074,99.5406 17.5047,99.5403 17.5018,99.5394 17.5002,99.5370 17.4980,99.5353 17.4952,99.5363 17.4919,99.5380 17.4917,99.5411 17.4887,99.5424 17.4867,99.5445 17.4843,99.5461 17.4821,99.5485 17.4794,99.5498 17.4725,99.5537 17.4728,99.5566 17.4728,99.5605 17.4709,99.5628 17.4695,99.5653 17.4700,99.5700 17.4696,99.5729 17.4687,99.5756 17.4665,99.5806 17.4645,99.5826 17.4633,99.5854 17.4600,99.5872 17.4572,99.5944 17.4549,99.5973 17.4528,99.5992 17.4520,99.6035 17.4499,99.6061 17.4505,99.6090 17.4520,99.6120 17.4523,99.6148 17.4516,99.6177 17.4503,99.6204 17.4511,99.6232 17.4530,99.6262 17.4549,99.6285 17.4575,99.6301 17.4604,99.6323 17.4627,99.6340 17.4648,99.6361 17.4679,99.6399 17.4688,99.6403
1330	s	17.5101,99.5411 17.5088,99.5370 17.5073,99.5332 17.5074,99.5301 17.5075,99.5270
1125	s	17.7922,99.7872 17.7899,99.7897 17.7890,99.7908
1177	s	17.7890,99.7908 17.7879,99.7880 17.7851,99.7872 17.7829,99.7849 17.7801,99.7857 17.7764,99.7842 17.7741,99.7821 17.7723,99.7797 17.7693,99.7794 17.7665,99.7803 17.7622,99.7798 17.7586,99.7797 17.7547,99.7750 17.7533,99.7722 17.7519,99.7693 17.7495,99.7642 17.7485,99.7591 17.7465,99.7566 17.7437,99.7556 17.7410,99.7547 17.7385,99.7529 17.7359,99.7518 17.7338,99.7483 17.7316,99.7461 17.7273,99.7424 17.7240,99.7402 17.7214,99.7385 17.7190,99.7367 17.7161,99.7342 17.7130,99.7327 17.7091,99.7326 17.7067,99.7309 17.7041,99.7294 17.7028,99.7269 17.7009,99.7245 17.6992,99.7198 17.6975,99.7170 17.6941,99.7154 17.6903,99.7121 17.6867,99.7097 17.6849,99.7073 17.6817,99.7053 17.6796,99.7035 17.6763,99.7002 17.6742,99.6965 17.6728,99.6939 17.6702,99.6926 17.6693,99.6924
1055	s	16.8546,99.9367 16.8608,99.9384 16.8740,99.9423 16.8801,99.9436 16.8818,99.9440
สท.ถ1-0018	r	17.2101,99.8672 17.2124,99.8728 17.2155,99.8818 17.2176,99.8881 17.2182,99.8937
สท.ถ1-0018	r	17.2182,99.8945 17.2173,99.9002 17.2164,99.9063 17.2165,99.9074
สท.3043	r	17.2182,99.8897 17.2194,99.8895
สท.5025	r	17.2165,99.9074 17.2074,99.9071 17.2017,99.9069 17.1938,99.9066 17.1897,99.9071
1054	s	17.1375,99.8806 17.1392,99.8782 17.1414,99.8763 17.1439,99.8752 17.1466,99.8743 17.1498,99.8734 17.1529,99.8726 17.1564,99.8718 17.1592,99.8713 17.1609,99.8682 17.1610,99.8665
สท.2004	r	17.1368,99.9580 17.1372,99.9523 17.1388,99.9468 17.1416,99.9403 17.1432,99.9345 17.1439,99.9282 17.1437,99.9223 17.1434,99.9165 17.1442,99.9105 17.1441,99.9043 17.1438,99.8975 17.1437,99.8912 17.1463,99.8854 17.1489,99.8799 17.1495,99.8788
สท.4012	r	17.1375,99.8806 17.1348,99.8860 17.1331,99.8918 17.1315,99.8970
1054	s	17.1375,99.8806 17.1353,99.8826 17.1323,99.8842 17.1298,99.8856 17.1251,99.8876 17.1213,99.8894 17.1166,99.8902 17.1135,99.8897 17.1081,99.8891 17.1038,99.8876 17.0980,99.8851 17.0950,99.8841 17.0914,99.8835 17.0883,99.8837 17.0858,99.8826 17.0832,99.8815 17.0803,99.8807 17.0763,99.8807 17.0718,99.8803 17.0690,99.8799 17.0666,99.8777 17.0658,99.8772
1054	s	17.0627,99.8758 17.0658,99.8772
1054	s	17.0658,99.8772 17.0627,99.8758
สท.3130	r	17.3119,99.6438 17.3126,99.6501 17.3122,99.6559 17.3101,99.6613 17.3060,99.6653 17.2999,99.6682 17.2942,99.6719 17.2907,99.6766 17.2897,99.6788
สท.3082	r	17.1830,99.6973 17.1800,99.7022 17.1772,99.7027
1327	s	17.1765,99.6013 17.1776,99.5982 17.1793,99.5957 17.1818,99.5929 17.1846,99.5863 17.1854,99.5828 17.1864,99.5784 17.1874,99.5757 17.1887,99.5725 17.1899,99.5697 17.1910,99.5669 17.1932,99.5637 17.1968,99.5587 17.1993,99.5552 17.2016,99.5491 17.2029,99.5372 17.2031,99.5328 17.2031,99.5313
1056	s	17.1765,99.6013 17.1761,99.6047 17.1759,99.6079 17.1756,99.6109 17.1750,99.6142 17.1747,99.6181 17.1750,99.6226 17.1752,99.6265 17.1749,99.6297 17.1735,99.6362 17.1725,99.6403 17.1717,99.6442 17.1712,99.6471 17.1712,99.6502 17.1720,99.6548 17.1720,99.6583 17.1719,99.6629 17.1718,99.6669 17.1714,99.6706 17.1708,99.6749 17.1706,99.6795 17.1704,99.6830 17.1702,99.6880 17.1696,99.6916 17.1688,99.6965 17.1687,99.6981
สท.6055	r	17.2265,99.7032 17.2321,99.7046 17.2356,99.6995 17.2378,99.6985
สท.6055	r	17.2378,99.6985 17.2414,99.6936 17.2453,99.6894 17.2522,99.6852 17.2578,99.6835 17.2605,99.6834
สท.ถ1-0001	r	17.2344,99.6768 17.2326,99.6829 17.2306,99.6896 17.2283,99.6975 17.2266,99.7031 17.2265,99.7032
106	p	17.3024,99.8311 17.3025,99.8294
1318	s	17.1847,99.9248 17.1749,99.9248 17.1733,99.9219 17.1726,99.9189 17.1719,99.9157 17.1711,99.9122 17.1704,99.9093 17.1697,99.9063 17.1726,99.9057 17.1786,99.9059 17.1778,99.9019 17.1767,99.8989 17.1742,99.8921 17.1724,99.8873 17.1702,99.8813 17.1697,99.8800
1318	s	17.3453,99.9900 17.3441,99.9844 17.3405,99.9848 17.3362,99.9858 17.3342,99.9855
สท.3002	r	17.1905,99.9247 17.1892,99.9189 17.1876,99.9134 17.1897,99.9072 17.1857,99.9066
สท.3002	r	17.1854,99.9062 17.1891,99.8986 17.1886,99.8922 17.1881,99.8856 17.1884,99.8785 17.1879,99.8722 17.1875,99.8658
101	p	17.0707,99.8399 17.0673,99.8404 17.0657,99.8406 17.0643,99.8406 17.0628,99.8403 17.0615,99.8395 17.0601,99.8380 17.0588,99.8362 17.0586,99.8359
101	p	17.0584,99.8355 17.0587,99.8358
1293	s	16.9814,99.8338 16.9787,99.8333 16.9753,99.8320 16.9718,99.8315 16.9661,99.8314 16.9605,99.8314 16.9575,99.8319 16.9547,99.8311 16.9517,99.8301 16.9483,99.8290 16.9438,99.8274 16.9403,99.8272 16.9376,99.8286 16.9360,99.8311 16.9334,99.8341 16.9305,99.8382 16.9284,99.8414 16.9251,99.8421 16.9220,99.8424 16.9203,99.8452 16.9188,99.8502 16.9191,99.8530 16.9181,99.8562 16.9156,99.8592 16.9156,99.8627 16.9154,99.8666 16.9166,99.8718 16.9151,99.8749 16.9108,99.8777 16.9083,99.8794 16.9060,99.8810
1293	s	16.9816,99.8338 16.9814,99.8338
1293	s	16.9060,99.8810 16.9055,99.8811
1293	s	16.9055,99.8811 16.9021,99.8822 16.8987,99.8836
1293	s	16.8935,99.8845 16.8905,99.8853 16.8797,99.8901 16.8747,99.8899 16.8709,99.8895 16.8681,99.8891 16.8652,99.8888 16.8624,99.8889 16.8598,99.8878 16.8565,99.8873 16.8535,99.8875 16.8488,99.8870 16.8439,99.8864 16.8409,99.8865 16.8381,99.8866 16.8353,99.8856 16.8283,99.8851 16.8257,99.8874 16.8282,99.8917 16.8299,99.8942 16.8314,99.8976 16.8323,99.9009 16.8311,99.9049 16.8312,99.9082 16.8341,99.9138 16.8373,99.9176 16.8394,99.9200 16.8422,99.9233 16.8453,99.9251 16.8455,99.9281 16.8445,99.9312 16.8457,99.9341 16.8477,99.9361 16.8504,99.9365 16.8531,99.9363 16.8546,99.9367
สท.4001	r	16.8735,99.8605 16.8709,99.8674 16.8650,99.8813 16.8620,99.8881 16.8618,99.8887
1303	s	16.8451,99.9335 16.8417,99.9337 16.8198,99.9338 16.8087,99.9338 16.8056,99.9338 16.8025,99.9339 16.7974,99.9339 16.7933,99.9339 16.7892,99.9339 16.7849,99.9340 16.7813,99.9340 16.7784,99.9340 16.7720,99.9340 16.7689,99.9340 16.7644,99.9341 16.7551,99.9342 16.7481,99.9342 16.7420,99.9342 16.7382,99.9342
สท.4020	r	16.7040,99.8685 16.7124,99.8658 16.7192,99.8611 16.7245,99.8589 16.7324,99.8552 16.7403,99.8519 16.7456,99.8496 16.7513,99.8455 16.7593,99.8431
สท.4021	r	16.7663,99.8837 16.7670,99.8771 16.7691,99.8695 16.7716,99.8620 16.7746,99.8571 16.7799,99.8536 16.7828,99.8484 16.7863,99.8436 16.7901,99.8395 16.7943,99.8358 16.7994,99.8317 16.8035,99.8273 16.8041,99.8266
1311	s	16.8272,99.8857 16.8245,99.8841 16.8242,99.8812 16.8243,99.8779 16.8241,99.8747 16.8227,99.8711 16.8214,99.8678 16.8198,99.8636 16.8187,99.8609 16.8184,99.8578 16.8180,99.8531 16.8176,99.8489 16.8173,99.8455 16.8169,99.8406 16.8171,99.8374 16.8184,99.8339 16.8194,99.8312 16.8205,99.8285 16.8215,99.8259 16.8218,99.8250
สท.4026	r	17.1729,99.4794 17.1731,99.4795
สท.4026	r	17.1731,99.4795 17.1786,99.4822 17.1802,99.4830
สท.4026	r	17.1728,99.4858 17.1696,99.4906 17.1646,99.4942 17.1632,99.5002 17.1593,99.5045 17.1576,99.5099 17.1551,99.5150 17.1552,99.5210 17.1557,99.5269 17.1567,99.5328 17.1561,99.5417 17.1547,99.5478 17.1541,99.5536 17.1498,99.5592 17.1445,99.5612 17.1398,99.5656 17.1389,99.5714 17.1380,99.5781 17.1348,99.5832 17.1330,99.5899 17.1324,99.5921
สท.4026	r	17.1802,99.4830 17.1747,99.4826 17.1728,99.4858
12	p	17.0079,99.9298 17.0073,99.9289
12	p	17.0076,99.9293 17.0075,99.9300
สท.6050	r	17.0334,99.9139 17.0313,99.9194 17.0316,99.9254 17.0311,99.9315 17.0310,99.9374 17.0309,99.9429
	p	17.0212,99.8986 17.0209,99.8992
1056	s	17.1692,99.8607 17.1686,99.8614
1404	s	17.4175,99.7987 17.4181,99.7944 17.4187,99.7908 17.4197,99.7874 17.4223,99.7793 17.4277,99.7779 17.4306,99.7780 17.4336,99.7784 17.4382,99.7779 17.4469,99.7758 17.4497,99.7751 17.4565,99.7681 17.4596,99.7648 17.4617,99.7625 17.4660,99.7578 17.4697,99.7554 17.4732,99.7544 17.4762,99.7539
สท.5064	r	17.6757,99.6501 17.6708,99.6530 17.6654,99.6534 17.6598,99.6532 17.6543,99.6529 17.6494,99.6504 17.6443,99.6483 17.6421,99.6429 17.6376,99.6396 17.6334,99.6359 17.6279,99.6332 17.6237,99.6294 17.6203,99.6270
สท.5064	r	17.5695,99.7354 17.5683,99.7412 17.5631,99.7481 17.5575,99.7487 17.5558,99.7544 17.5558,99.7609 17.5548,99.7670 17.5486,99.7681 17.5473,99.7682
102	p	17.5180,99.7571 17.5168,99.7566 17.5137,99.7554 17.5094,99.7537 17.5081,99.7533 17.5064,99.7530 17.5047,99.7528 17.5030,99.7526 17.5015,99.7524 17.4993,99.7525
1294	s	17.5536,99.4871 17.5544,99.4899 17.5534,99.4936 17.5524,99.4945
สท.4010	r	17.6922,99.7138 17.6933,99.7119
1327	s	17.2729,99.5310 17.2757,99.5303 17.2787,99.5288 17.2812,99.5276 17.2883,99.5270 17.2958,99.5270 17.2987,99.5271 17.2998,99.5271
1327	s	17.2998,99.5271 17.3027,99.5271 17.3055,99.5273 17.3102,99.5326 17.3116,99.5352 17.3127,99.5359
สท.ถ1-0029	r	17.2053,99.7439 17.2102,99.7410 17.2126,99.7416
สท.4013	r	17.2155,99.7508 17.2179,99.7570 17.2201,99.7640 17.2219,99.7713 17.2222,99.7773 17.2212,99.7830 17.2157,99.7945 17.2134,99.8003 17.2120,99.8061 17.2112,99.8123 17.2111,99.8181 17.2118,99.8262 17.2126,99.8319 17.2130,99.8383 17.2141,99.8447 17.2140,99.8498
สท.4006	r	17.2229,99.7755 17.2291,99.7759 17.2349,99.7753 17.2405,99.7752 17.2466,99.7742 17.2522,99.7748 17.2588,99.7757 17.2664,99.7780 17.2723,99.7809 17.2774,99.7834 17.2832,99.7857 17.2905,99.7880 17.2992,99.7908 17.3096,99.7942 17.3097,99.7942
102	p	17.2227,99.7055 17.2223,99.7054
102	p	17.2223,99.7054 17.2206,99.7049 17.2185,99.7037 17.2148,99.7018 17.2128,99.7008 17.2043,99.6964 17.2027,99.6960 17.1927,99.6967 17.1830,99.6973 17.1823,99.6973
สท.4008	r	17.4186,99.5795 17.4202,99.5855 17.4194,99.5918 17.4240,99.5916
สท.ถ1-0022	r	17.0511,99.5629 17.0566,99.5620 17.0672,99.5611 17.0733,99.5610 17.0787,99.5591 17.0840,99.5573 17.0910,99.5548 17.0974,99.5544 17.1028,99.5527 17.1088,99.5508 17.1137,99.5475 17.1135,99.5412 17.1166,99.5360 17.1214,99.5329 17.1287,99.5291 17.1341,99.5267 17.1398,99.5240 17.1472,99.5220 17.1533,99.5221 17.1612,99.5238 17.1672,99.5240
สท.3026	r	17.1042,99.5904 17.1032,99.5845 17.1026,99.5785 17.1017,99.5725 17.1024,99.5651 17.1046,99.5580 17.1048,99.5520 17.1047,99.5517
สท.3176	r	17.0651,99.7764 17.0706,99.7772 17.0764,99.7767 17.0816,99.7749 17.0859,99.7714 17.0936,99.7704 17.0990,99.7694 17.1057,99.7691 17.1115,99.7689 17.1123,99.7689
1308	s	17.0983,99.7034 17.0989,99.7067 17.1002,99.7093 17.1015,99.7122 17.1028,99.7167 17.1044,99.7222 17.1051,99.7269 17.1056,99.7305 17.1055,99.7333 17.1063,99.7371 17.1070,99.7403 17.1081,99.7433 17.1095,99.7462 17.1106,99.7495 17.1111,99.7532 17.1117,99.7576 17.1124,99.7642 17.1124,99.7676 17.1122,99.7765 17.1121,99.7795 17.1116,99.7841 17.1095,99.7920 17.1087,99.7955 17.1082,99.7984 17.1078,99.7997
สท.4011	r	17.1316,99.7778 17.1321,99.7778
1327	s	17.2726,99.5310 17.2729,99.5310
สท.5023	r	17.0672,99.9322 17.0720,99.9293 17.0773,99.9309 17.0831,99.9297 17.0882,99.9268 17.0945,99.9278 17.0980,99.9226 17.1010,99.9177 17.1038,99.9128 17.1074,99.9063 17.1109,99.9019 17.1139,99.8968 17.1146,99.8905 17.1147,99.8901
สท.4012	r	17.0692,99.9548 17.0747,99.9552 17.0798,99.9533 17.0853,99.9546 17.0901,99.9573 17.0967,99.9581 17.1025,99.9600 17.1085,99.9637 17.1100,99.9578 17.1115,99.9511 17.1122,99.9502
สท.3175	r	17.0536,99.9033 17.0568,99.9093 17.0559,99.9150 17.0569,99.9206 17.0579,99.9263 17.0638,99.9313 17.0672,99.9322
สท.4012	r	17.1125,99.9499 17.1162,99.9452 17.1199,99.9406 17.1236,99.9349 17.1257,99.9271 17.1299,99.9227 17.1316,99.9150 17.1316,99.9105
สท.5023	r	17.0672,99.9322 17.0670,99.9385 17.0677,99.9453 17.0703,99.9505 17.0693,99.9537
สท.2009	r	17.0742,100.0052 17.0689,99.9992 17.0640,99.9966 17.0592,99.9932 17.0538,99.9884 17.0501,99.9829 17.0428,99.9815 17.0375,99.9829 17.0317,99.9776 17.0252,99.9745
สท.2005	r	16.9859,100.0118 16.9918,100.0133 16.9974,100.0151 17.0020,100.0120 17.0039,100.0066 17.0093,100.0059 17.0137,100.0024 17.0175,99.9980 17.0229,99.9981 17.0285,99.9988 17.0311,99.9936 17.0276,99.9890 17.0317,99.9850 17.0370,99.9835 17.0374,99.9828
1057	r	16.9795,99.9883 16.9729,99.9853 16.9653,99.9834 16.9620,99.9787 16.9531,99.9746 16.9527,99.9744
สท.3003	r	16.9782,99.9482 16.9786,99.9539 16.9783,99.9602 16.9779,99.9662 16.9785,99.9720 16.9792,99.9790 16.9772,99.9863
สท.3020	r	17.0504,99.9013 17.0520,99.9022
สท.3038	r	17.0217,99.8975 17.0274,99.8978 17.0323,99.8955 17.0370,99.8924 17.0374,99.8864 17.0379,99.8833
1054	s	17.0263,99.8818 17.0293,99.8814 17.0322,99.8811 17.0350,99.8822 17.0377,99.8833 17.0400,99.8811 17.0402,99.8808
1054	s	17.0439,99.8753 17.0434,99.8752
1054	s	17.0549,99.8771 17.0523,99.8778 17.0482,99.8769 17.0454,99.8760 17.0439,99.8753
1054	s	17.0434,99.8752 17.0414,99.8773 17.0402,99.8808
สท.5023	r	17.1208,99.8510 17.1208,99.8574 17.1178,99.8734 17.1166,99.8792 17.1157,99.8855 17.1149,99.8887
101	p	17.1169,99.8512 17.1153,99.8512 17.1139,99.8505 17.1129,99.8494 17.1120,99.8476 17.1116,99.8468
สท.3072	r	17.0958,99.8220 17.1015,99.8233 17.1070,99.8231 17.1121,99.8258 17.1172,99.8279 17.1170,99.8363 17.1161,99.8419 17.1119,99.8463 17.1115,99.8465
101	p	17.1116,99.8468 17.1114,99.8465
สท.3072	r	17.0958,99.8198 17.0948,99.8158
101	p	17.0819,99.8381 17.0799,99.8384 17.0782,99.8387 17.0756,99.8391 17.0747,99.8393
125	t	17.0731,99.8345 17.0730,99.8321 17.0729,99.8302 17.0728,99.8268 17.0727,99.8233 17.0726,99.8204 17.0725,99.8188 17.0725,99.8168 17.0724,99.8160
125	t	17.0733,99.8345 17.0733,99.8375
125	t	17.0732,99.8376 17.0731,99.8345
125	t	17.0733,99.8375 17.0734,99.8394 17.0733,99.8413 17.0720,99.8466
สท.4048	r	17.3670,100.0050 17.3616,100.0036 17.3558,99.9998 17.3520,99.9941 17.3512,99.9876 17.3512,99.9863
1373	s	17.3643,99.9895 17.3641,99.9889
สท.3035	r	17.3797,99.9895 17.3795,99.9836 17.3792,99.9743 17.3791,99.9685 17.3809,99.9594 17.3820,99.9537 17.3818,99.9464 17.3814,99.9403 17.3767,99.9357 17.3692,99.9314 17.3646,99.9264 17.3576,99.9220 17.3569,99.9216
สท.4048	r	17.3696,99.9997 17.3715,99.9943 17.3728,99.9898
สท.3015	r	17.5150,99.9035 17.5139,99.8976 17.5118,99.8904 17.5101,99.8848 17.5050,99.8814 17.5032,99.8747 17.5058,99.8685 17.5137,99.8703 17.5190,99.8717 17.5223,99.8763 17.5313,99.8772 17.5391,99.8761 17.5452,99.8776 17.5512,99.8798 17.5520,99.8800
สท.3038	r	17.5059,99.8684 17.5042,99.8624 17.5071,99.8575 17.5060,99.8519 17.5092,99.8472 17.5115,99.8420 17.5141,99.8367 17.5188,99.8318 17.5222,99.8267 17.5254,99.8220 17.5287,99.8172 17.5307,99.8117 17.5348,99.8068 17.5374,99.8030
สท.3010	r	17.4144,99.9817 17.4137,99.9750 17.4135,99.9692 17.4133,99.9632 17.4165,99.9566 17.4186,99.9510 17.4206,99.9456 17.4215,99.9399 17.4213,99.9331 17.4220,99.9263 17.4187,99.9184 17.4156,99.9101 17.4155,99.9095
สท.ถ1-0007	r	17.5064,99.9151 17.5063,99.9153
สท.ถ1-0007	r	17.5010,99.9272 17.5009,99.9273
สท.4041	r	17.4445,99.9308 17.4419,99.9361 17.4360,99.9471 17.4336,99.9524 17.4311,99.9607 17.4295,99.9664 17.4266,99.9738 17.4247,99.9793
สท.ถ1-0007	r	17.5063,99.9153 17.5023,99.9202 17.5010,99.9269 17.5010,99.9272
สท.ถ1-0007	r	17.5009,99.9273 17.4969,99.9325 17.4982,99.9393 17.4919,99.9413 17.4910,99.9478 17.4881,99.9530 17.4830,99.9610 17.4764,99.9717 17.4698,99.9825 17.4654,99.9921 17.4654,99.9923
สท.4002	r	17.5688,99.8236 17.5668,99.8290 17.5663,99.8349 17.5656,99.8407 17.5594,99.8458 17.5533,99.8475 17.5477,99.8486
สท.4039	r	17.3874,99.8704 17.3883,99.8784 17.3892,99.8854 17.3892,99.8912 17.3886,99.8923
สท.3039	r	17.4032,99.9859 17.4077,99.9899 17.4128,99.9922 17.4181,99.9936 17.4263,99.9967 17.4315,99.9990 17.4418,100.0011 17.4482,100.0024 17.4551,100.0056 17.4610,100.0076 17.4668,100.0067 17.4750,100.0092 17.4783,100.0086
สท.4007	r	17.3881,99.8925 17.3932,99.8952 17.4010,99.9002 17.4058,99.9033 17.4155,99.9095 17.4224,99.9139 17.4326,99.9205 17.4378,99.9248 17.4420,99.9287 17.4476,99.9319 17.4544,99.9341 17.4549,99.9405 17.4572,99.9485 17.4589,99.9557 17.4587,99.9648 17.4603,99.9727 17.4580,99.9806 17.4559,99.9921
สท.ถ1-0014	r	17.5487,99.8963 17.5431,99.8958 17.5377,99.8968 17.5326,99.8990 17.5289,99.9017
101	p	17.5441,99.7776 17.5445,99.7775
101	p	17.5445,99.7775 17.5459,99.7768 17.5475,99.7735 17.5492,99.7722 17.5508,99.7718 17.5523,99.7719 17.5539,99.7712 17.5551,99.7706 17.5571,99.7700 17.5586,99.7691 17.5617,99.7649 17.5632,99.7630 17.5645,99.7611 17.5651,99.7597 17.5658,99.7573 17.5679,99.7534 17.5710,99.7478 17.5719,99.7463 17.5731,99.7450 17.5743,99.7436 17.5759,99.7414 17.5770,99.7406 17.5784,99.7389 17.5795,99.7377 17.5813,99.7367 17.5825,99.7350 17.5835,99.7326 17.5854,99.7281 17.5863,99.7269 17.5880,99.7262 17.5893,99.7250 17.5910,99.7215 17.5919,99.7200 17.5953,99.7175 17.5962,99.7164 17.5976,99.7154 17.5994,99.7135 17.6030,99.7139 17.6050,99.7139 17.6064,99.7135 17.6077,99.7131 17.6088,99.7140 17.6094,99.7169 17.6101,99.7183 17.6103,99.7200 17.6113,99.7211 17.6140,99.7225 17.6152,99.7216 17.6164,99.7204 17.6194,99.7213 17.6208,99.7227 17.6235,99.7274 17.6239,99.7288 17.6241,99.7303 17.6262,99.7319 17.6270,99.7351 17.6280,99.7362 17.6298,99.7360 17.6313,99.7357 17.6321,99.7376 17.6359,99.7383 17.6427,99.7417 17.6442,99.7431 17.6465,99.7435 17.6503,99.7454 17.6528,99.7442 17.6543,99.7436 17.6566,99.7439 17.6587,99.7448 17.6601,99.7448 17.6617,99.7449 17.6628,99.7459 17.6651,99.7461 17.6667,99.7476 17.6680,99.7483 17.6750,99.7487 17.6767,99.7489 17.6864,99.7560 17.6873,99.7581 17.6883,99.7592 17.6953,99.7590 17.6965,99.7596 17.6974,99.7650 17.7000,99.7660 17.7017,99.7663 17.7061,99.7645 17.7076,99.7646 17.7110,99.7695 17.7123,99.7700 17.7142,99.7698 17.7164,99.7711 17.7180,99.7717 17.7229,99.7723 17.7258,99.7712 17.7336,99.7732 17.7352,99.7741 17.7410,99.7805 17.7434,99.7830 17.7483,99.7923 17.7500,99.7942 17.7513,99.7956 17.7526,99.7965 17.7569,99.7994 17.7590,99.8008 17.7611,99.8022 17.7623,99.8032 17.7638,99.8048 17.7651,99.8060 17.7664,99.8073 17.7676,99.8082 17.7733,99.8122 17.7814,99.8207 17.7829,99.8223 17.7848,99.8258 17.7912,99.8317 17.7921,99.8334 17.7922,99.8350 17.7938,99.8376 17.7962,99.8397 17.7971,99.8420 17.7987,99.8442 17.7994,99.8456 17.7999,99.8472 17.8004,99.8487 17.8018,99.8494
1373	s	17.3641,99.9889 17.3640,99.9888
1373	s	17.3547,99.9743 17.3503,99.9672 17.3473,99.9626 17.3432,99.9561 17.3427,99.9541
สท.010	r	17.2203,99.8501 17.2229,99.8560 17.2235,99.8577
สท.6055	r	17.2729,99.6803 17.2683,99.6833 17.2627,99.6843 17.2605,99.6834
สท.010	r	17.2244,99.8585 17.2252,99.8600
102	p	17.2375,99.7099 17.2372,99.7098
102	p	17.2565,99.7159 17.2561,99.7157
102	p	17.2561,99.7157 17.2535,99.7149 17.2461,99.7126 17.2389,99.7103 17.2375,99.7099
102	p	17.2372,99.7098 17.2305,99.7077 17.2287,99.7071 17.2270,99.7066 17.2257,99.7061 17.2238,99.7057 17.2227,99.7055
125	t	17.0724,99.8160 17.0724,99.8156
125	t	17.0726,99.8155 17.0726,99.8159
125	t	17.0726,99.8159 17.0728,99.8204 17.0730,99.8266 17.0731,99.8291 17.0731,99.8309 17.0733,99.8345
1125	s	17.7924,99.7868 17.7922,99.7872
1177	s	17.7890,99.7908 17.7895,99.7938 17.7926,99.7993 17.7936,99.8024 17.7970,99.8041 17.8003,99.8085 17.8009,99.8114 17.8007,99.8146 17.8005,99.8183 17.8004,99.8213 17.8003,99.8256 17.8000,99.8302 17.7994,99.8330 17.7969,99.8352 17.7970,99.8383 17.7972,99.8414 17.7972,99.8424
1272	s	17.0166,99.7338 17.0176,99.7337
125	t	17.0391,99.6464 17.0409,99.6490 17.0435,99.6533 17.0450,99.6557 17.0465,99.6582 17.0503,99.6643
1272	s	17.0548,99.7185 17.0472,99.7233 17.0415,99.7268 17.0347,99.7310 17.0307,99.7336
1272	s	17.0579,99.7159 17.0573,99.7166
1272	s	17.0569,99.7163 17.0580,99.7164
1195	s	17.1264,99.8210 17.1299,99.8219 17.1328,99.8227 17.1384,99.8234 17.1415,99.8237 17.1446,99.8238 17.1473,99.8241 17.1514,99.8255 17.1542,99.8264 17.1568,99.8272 17.1595,99.8281 17.1625,99.8299 17.1648,99.8315 17.1676,99.8329 17.1694,99.8365 17.1703,99.8408 17.1718,99.8468 17.1724,99.8496 17.1747,99.8516
1195	s	17.0750,99.8314 17.0722,99.8311 17.0708,99.8307
1195	s	17.0708,99.8307 17.0738,99.8312 17.0750,99.8314
1054	s	17.0627,99.8758 17.0585,99.8760 17.0557,99.8768 17.0552,99.8771
สท.3020	r	17.0519,99.9023 17.0504,99.9013
สท.3175	r	17.0520,99.9022 17.0536,99.9033
สท.3175	r	17.0536,99.9033 17.0519,99.9023
1053	s	17.0252,99.8819 17.0263,99.8818
1053	s	17.0263,99.8819 17.0252,99.8819
1053	s	17.0252,99.8819 17.0225,99.8813 17.0220,99.8816
สท.3009	r	16.9321,99.9999 16.9371,100.0033 16.9422,100.0053 16.9416,100.0113 16.9448,100.0170 16.9414,100.0215 16.9401,100.0272 16.9391,100.0330 16.9397,100.0333
สท.5031	r	16.9962,99.8378 16.9964,99.8435 16.9945,99.8493 16.9944,99.8494
สท.3020	r	17.0504,99.9013 17.0469,99.8959 17.0451,99.8905 17.0404,99.8877 17.0392,99.8869
สท.3020	r	17.0377,99.8859 17.0389,99.8867
101	p	17.0212,99.8216 17.0211,99.8216
101	p	17.0212,99.8215 17.0230,99.8216 17.0247,99.8218 17.0261,99.8222 17.0273,99.8231 17.0283,99.8242 17.0293,99.8254 17.0307,99.8260 17.0321,99.8261 17.0335,99.8256 17.0348,99.8249 17.0368,99.8238
สท.4010	r	17.6966,99.7008 17.6984,99.6954 17.7038,99.6944 17.7082,99.6909 17.7057,99.6857 17.7090,99.6797 17.7148,99.6783 17.7204,99.6765 17.7263,99.6774 17.7312,99.6744 17.7346,99.6699 17.7371,99.6645 17.7386,99.6580 17.7353,99.6481 17.7353,99.6480
สท.4010	r	17.6967,99.7016 17.6966,99.7008
1201	r	17.5512,99.7696 17.5512,99.7683
1201	r	17.5513,99.7717 17.5512,99.7696
1294	s	17.3966,99.7962 17.3966,99.7954
1294	s	17.3966,99.7954 17.3967,99.7963
	p	17.0208,99.8991 17.0211,99.8985
12	p	17.0087,99.9257 17.0098,99.9234 17.0128,99.9168 17.0139,99.9144 17.0157,99.9104 17.0163,99.9090 17.0197,99.9017
12	p	17.0117,99.8370 17.0124,99.8390 17.0129,99.8405 17.0134,99.8422 17.0140,99.8439 17.0146,99.8458 17.0153,99.8476 17.0167,99.8520 17.0185,99.8572 17.0190,99.8586 17.0194,99.8599 17.0215,99.8663 17.0225,99.8690 17.0242,99.8741 17.0260,99.8795 17.0263,99.8815 17.0263,99.8844 17.0263,99.8867 17.0259,99.8882 17.0240,99.8924 17.0217,99.8975 17.0212,99.8986
สท.5064	r	17.5473,99.7682 17.5415,99.7674 17.5355,99.7657 17.5304,99.7633 17.5249,99.7601 17.5189,99.7574 17.5180,99.7571
12	s	17.0089,99.8092 17.0092,99.8057 17.0092,99.8052
12	p	17.0099,99.7981 17.0097,99.8002 17.0096,99.8020 17.0094,99.8043 17.0093,99.8053
12	p	17.0154,99.7408 17.0157,99.7367 17.0159,99.7351 17.0161,99.7340
12	p	17.0100,99.7952 17.0100,99.7948
1368	s	16.9877,99.7898 16.9881,99.7891
3044	r	17.0119,99.7743 17.0136,99.7741
สท.3044	r	17.0137,99.7741 17.0195,99.7746 17.0256,99.7748 17.0317,99.7750 17.0385,99.7750 17.0445,99.7753 17.0446,99.7753
สท.3019	r	16.8324,99.5831 16.8246,99.5894 16.8175,99.5952 16.8109,99.5975 16.8065,99.6017 16.8029,99.6083 16.7976,99.6151 16.7936,99.6203 16.7912,99.6256 16.7887,99.6308 16.7849,99.6358 16.7794,99.6387 16.7771,99.6462 16.7747,99.6528 16.7722,99.6596 16.7687,99.6660 16.7665,99.6725 16.7671,99.6796 16.7674,99.6873 16.7677,99.6946 16.7650,99.7010 16.7610,99.7049
สท.3019	r	16.8694,99.5837 16.8691,99.5837
1331	s	16.8426,99.5670 16.8464,99.5677 16.8492,99.5697 16.8515,99.5715 16.8545,99.5711 16.8573,99.5694 16.8626,99.5702 16.8650,99.5717 16.8682,99.5757 16.8709,99.5805 16.8729,99.5842
สท.3062	r	16.7399,99.6226 16.7464,99.6238 16.7523,99.6248 16.7582,99.6242 16.7641,99.6220 16.7697,99.6209 16.7752,99.6216 16.7816,99.6227 16.7869,99.6242 16.7912,99.6256
1272	s	16.8985,99.7621 16.8939,99.7637 16.8882,99.7654 16.8841,99.7666 16.8777,99.7684 16.8749,99.7692 16.8695,99.7706 16.8668,99.7714 16.8599,99.7736 16.8466,99.7777 16.8406,99.7795 16.8392,99.7792
สท.3049	r	16.8411,99.7304 16.8443,99.7393 16.8447,99.7425
101	p	16.8251,99.7940 16.8275,99.7952 16.8292,99.7960 16.8321,99.7973 16.8336,99.7979 16.8353,99.7987 16.8365,99.7993
1319	s	16.8386,99.7804 16.8374,99.7833 16.8368,99.7893 16.8363,99.7925 16.8356,99.7966 16.8353,99.7987
1319	s	16.8388,99.7802 16.8386,99.7804
101	p	16.8365,99.7993 16.8381,99.7995 16.8395,99.7993 16.8455,99.7978 16.8481,99.7971 16.8502,99.7965 16.8540,99.7955 16.8553,99.7951 16.8607,99.7937 16.8620,99.7933 16.8656,99.7923 16.8678,99.7917 16.8706,99.7910 16.8754,99.7898 16.8817,99.7885 16.8832,99.7882 16.8854,99.7882 16.8889,99.7881 16.8933,99.7879 16.8989,99.7877
101	p	16.8365,99.7993 16.8344,99.7984 16.8329,99.7978 16.8303,99.7966 16.8287,99.7959 16.8270,99.7950 16.8251,99.7940
1311	s	16.8236,99.8130 16.8208,99.8132 16.8193,99.8132
สท.2006	r	16.8735,99.8605 16.8783,99.8637 16.8838,99.8697 16.8881,99.8745 16.8958,99.8781 16.8964,99.8783
สท.3028	r	16.8035,99.8088 16.8091,99.8121 16.8127,99.8130
1311	s	16.8141,99.8130 16.8143,99.8084 16.8142,99.8055 16.8146,99.8039
สท.3028	r	16.8035,99.8088 16.7989,99.8057 16.7942,99.8027 16.7876,99.8024 16.7831,99.7981 16.7823,99.7931
สท.4001	r	16.8313,99.8120 16.8372,99.8131 16.8404,99.8196 16.8419,99.8230
สท.3029	r	16.7626,99.8195 16.7666,99.8156 16.7723,99.8149 16.7777,99.8134 16.7841,99.8123 16.7898,99.8098 16.7963,99.8120 16.8011,99.8092 16.8035,99.8088
1319	s	16.8447,99.7425 16.8450,99.7456 16.8454,99.7485 16.8448,99.7553 16.8442,99.7584 16.8431,99.7637 16.8422,99.7690 16.8413,99.7723 16.8392,99.7792 16.8388,99.7802
1332	s	16.9502,99.6501 16.9504,99.6530 16.9493,99.6574 16.9481,99.6606 16.9461,99.6631 16.9453,99.6664 16.9448,99.6704 16.9442,99.6738 16.9426,99.6779 16.9411,99.6809 16.9409,99.6813
สท.3024	r	16.9052,99.7598 16.9067,99.7535 16.9089,99.7477 16.9100,99.7410 16.9102,99.7356
สท.3048	r	16.7466,99.7050 16.7437,99.7114 16.7424,99.7183 16.7421,99.7250 16.7440,99.7305 16.7450,99.7366 16.7463,99.7425 16.7480,99.7480 16.7477,99.7542
สท.3048	r	16.7477,99.7542 16.7421,99.7547 16.7365,99.7527 16.7309,99.7541 16.7250,99.7551 16.7216,99.7557
สท.3111	r	16.7970,99.7873 16.7914,99.7901 16.7858,99.7921 16.7824,99.7928
สท.3111	r	16.7617,99.7919 16.7673,99.7936 16.7726,99.7948 16.7785,99.7948 16.7820,99.7931
สท.3048	r	16.7216,99.7557 16.7209,99.7627 16.7205,99.7664
สท.4020	r	16.7593,99.8431 16.7654,99.8385 16.7657,99.8326 16.7663,99.8269 16.7672,99.8256
สท.4020	r	16.7672,99.8256 16.7730,99.8236 16.7803,99.8210 16.7865,99.8187 16.7925,99.8188 16.7990,99.8170 16.8048,99.8172 16.8108,99.8167
101	p	16.7280,99.6747 16.7281,99.6750
101	p	16.7281,99.6750 16.7298,99.6774 16.7313,99.6798 16.7323,99.6814 16.7331,99.6826 16.7342,99.6835 16.7356,99.6845 16.7405,99.6877 16.7444,99.6903 16.7503,99.6942 16.7527,99.6958 16.7551,99.6974 16.7564,99.6983 16.7577,99.6994 16.7589,99.7010 16.7597,99.7023 16.7604,99.7037 16.7622,99.7069 16.7631,99.7086 16.7653,99.7127 16.7690,99.7195 16.7701,99.7215 16.7701,99.7216
สท.3022	r	16.8964,99.7372 16.8974,99.7432 16.8983,99.7490 16.8988,99.7551 16.8956,99.7598 16.8962,99.7630
สท.ถ1-0014	r	17.4646,99.9078 17.4714,99.9075 17.4802,99.9076 17.4859,99.9065 17.4921,99.9072 17.4977,99.9088 17.5033,99.9072 17.5089,99.9075 17.5090,99.9075
สท.ถ1-0007	r	17.5090,99.9075 17.5073,99.9132 17.5064,99.9151
สท.4007	r	17.3455,99.8860 17.3517,99.8871 17.3574,99.8881 17.3602,99.8886
สท.4034	r	17.3433,99.8680 17.3497,99.8684 17.3563,99.8688 17.3624,99.8691 17.3680,99.8689 17.3681,99.8689
	p	17.4335,99.7244 17.4333,99.7244
102	p	17.4333,99.7244 17.4299,99.7244 17.4284,99.7246 17.4199,99.7261 17.4050,99.7287 17.4002,99.7296 17.3975,99.7301 17.3893,99.7335 17.3851,99.7353 17.3722,99.7407 17.3708,99.7413 17.3659,99.7416 17.3605,99.7420 17.3557,99.7422 17.3530,99.7423 17.3514,99.7424 17.3475,99.7426 17.3427,99.7429 17.3413,99.7429 17.3326,99.7403 17.3217,99.7368
สท.ถ1-0001	r	17.2344,99.6768 17.2406,99.6773 17.2471,99.6760 17.2540,99.6761 17.2596,99.6766 17.2654,99.6770 17.2718,99.6797 17.2774,99.6785 17.2788,99.6781
สท.ถ1-0029	r	17.2053,99.7439 17.2010,99.7475 17.1958,99.7502 17.1903,99.7517 17.1836,99.7519 17.1812,99.7532
สท.4011	r	17.1595,99.7703 17.1650,99.7701 17.1704,99.7699 17.1762,99.7670 17.1809,99.7642 17.1836,99.7649
สท.4011	r	17.1321,99.7778 17.1325,99.7778
สท.4039	r	17.3868,99.8668 17.3874,99.8704
สท.4034	r	17.3683,99.8689 17.3742,99.8688 17.3798,99.8682 17.3853,99.8671 17.3868,99.8668
สท.4034	r	17.3681,99.8689 17.3683,99.8689
สท.4007	r	17.3606,99.8887 17.3628,99.8892
สท.4007	r	17.3602,99.8886 17.3606,99.8887
12	p	17.0100,99.7948 17.0103,99.7914 17.0105,99.7887
สท.4026	r	17.2035,99.4656 17.1982,99.4663 17.1926,99.4661 17.1881,99.4628 17.1828,99.4642 17.1777,99.4666 17.1764,99.4723 17.1738,99.4774 17.1729,99.4794
สท.4018	r	17.1382,99.6976 17.1360,99.6896 17.1352,99.6830 17.1315,99.6749 17.1294,99.6691 17.1271,99.6637 17.1280,99.6577 17.1291,99.6512 17.1269,99.6460 17.1278,99.6363 17.1271,99.6308
สท.4018	r	17.1271,99.6308 17.1239,99.6309
สท.5031	r	16.9941,99.8497 16.9965,99.8550 16.9950,99.8608 16.9929,99.8662 16.9902,99.8713 16.9897,99.8723
1293	s	16.9921,99.8372 16.9897,99.8357 16.9852,99.8344 16.9817,99.8338 16.9816,99.8338
1293	s	16.9924,99.8373 16.9921,99.8372
สท.4033	r	17.2736,99.9628 17.2736,99.9571 17.2725,99.9536
สท.5025	r	17.2255,99.9476 17.2268,99.9533 17.2268,99.9535
สท.3043	r	17.2399,99.8873 17.2454,99.8878 17.2509,99.8899 17.2534,99.8956 17.2580,99.8993
สท.2004	r	17.1368,99.9580 17.1374,99.9583
1318	s	17.2194,99.9511 17.2120,99.9488 17.2032,99.9459 17.1956,99.9435 17.1941,99.9408 17.1933,99.9374 17.1927,99.9344 17.1918,99.9305 17.1912,99.9277 17.1905,99.9247
1318	s	17.2201,99.9513 17.2194,99.9511
1324	s	17.2099,99.9556 17.2101,99.9548
1324	s	17.2101,99.9548 17.2113,99.9511 17.2120,99.9488
12	t	16.9155,99.3187 16.9155,99.3208 16.9155,99.3237 16.9155,99.3257 16.9154,99.3299 16.9154,99.3330 16.9154,99.3479 16.9153,99.3573 16.9153,99.3603 16.9153,99.3668 16.9152,99.3699 16.9179,99.3784 16.9184,99.3798 16.9189,99.3813 16.9202,99.3851 16.9209,99.3873 16.9214,99.3891 16.9218,99.3919 16.9222,99.3948 16.9224,99.3964 16.9252,99.4048 16.9257,99.4062 16.9274,99.4110 16.9284,99.4141 16.9290,99.4158 16.9299,99.4170 16.9318,99.4192 16.9363,99.4242 16.9402,99.4287 16.9415,99.4301 16.9438,99.4327 16.9478,99.4374 16.9494,99.4394 16.9505,99.4408 16.9517,99.4422 16.9534,99.4444 16.9591,99.4514 16.9604,99.4529 16.9687,99.4622 16.9701,99.4638 16.9714,99.4653 16.9737,99.4678 16.9835,99.4789 16.9944,99.4912 16.9953,99.4925 16.9961,99.4943 16.9977,99.4993 16.9989,99.5026 17.0016,99.5097 17.0040,99.5163 17.0042,99.5178 17.0041,99.5193 17.0038,99.5219 17.0036,99.5238 17.0033,99.5252 17.0027,99.5270 17.0018,99.5293 17.0004,99.5331 17.0001,99.5345 17.0007,99.5380 17.0011,99.5408 17.0017,99.5438 17.0023,99.5477 17.0029,99.5507 17.0033,99.5530 17.0036,99.5547 17.0040,99.5569 17.0042,99.5584 17.0045,99.5603 17.0051,99.5636
12	t	17.0050,99.5636 17.0044,99.5603 17.0039,99.5569 17.0034,99.5543 17.0024,99.5485 17.0020,99.5463 17.0016,99.5439 17.0010,99.5405 17.0005,99.5380 17.0001,99.5353 17.0001,99.5337 17.0016,99.5295 17.0021,99.5281 17.0032,99.5252 17.0036,99.5235 17.0041,99.5183 17.0040,99.5167 17.0008,99.5081 16.9988,99.5026 16.9976,99.4993 16.9962,99.4951 16.9956,99.4935 16.9950,99.4921 16.9914,99.4880 16.9831,99.4786 16.9736,99.4679 16.9722,99.4663 16.9702,99.4640 16.9689,99.4626 16.9679,99.4615 16.9660,99.4593 16.9648,99.4579 16.9635,99.4565 16.9620,99.4549 16.9610,99.4537 16.9595,99.4520 16.9585,99.4509 16.9575,99.4497 16.9566,99.4486 16.9549,99.4464 16.9539,99.4452 16.9527,99.4437 16.9517,99.4425 16.9505,99.4409 16.9485,99.4384 16.9457,99.4352 16.9440,99.4332 16.9410,99.4298 16.9396,99.4282 16.9369,99.4252 16.9359,99.4240 16.9339,99.4217 16.9317,99.4193 16.9298,99.4171 16.9289,99.4159 16.9280,99.4133 16.9255,99.4060 16.9240,99.4015 16.9228,99.3980 16.9223,99.3965 16.9219,99.3933 16.9213,99.3891 16.9201,99.3852 16.9189,99.3818 16.9184,99.3803 16.9178,99.3784 16.9167,99.3752 16.9163,99.3738 16.9155,99.3715 16.9151,99.3699 16.9151,99.3677 16.9151,99.3646 16.9152,99.3603 16.9152,99.3540 16.9152,99.3479 16.9152,99.3454 16.9153,99.3334 16.9153,99.3305 16.9153,99.3269 16.9154,99.3242 16.9154,99.3222 16.9154,99.3188
125	t	17.0550,99.6839 17.0550,99.6842
125	t	17.0503,99.6643 17.0505,99.6647
125	t	17.0505,99.6647 17.0516,99.6665 17.0530,99.6687 17.0537,99.6702 17.0539,99.6717 17.0547,99.6807 17.0549,99.6828 17.0550,99.6839
125	t	17.0549,99.6842 17.0548,99.6839
125	t	17.0504,99.6648 17.0502,99.6644
125	t	17.0548,99.6839 17.0545,99.6807 17.0537,99.6717 17.0534,99.6698 17.0514,99.6664 17.0504,99.6648
125	t	17.0502,99.6644 17.0467,99.6588 17.0455,99.6568 17.0431,99.6529 17.0407,99.6491 17.0396,99.6474 17.0384,99.6454
	p	17.0458,99.7043 17.0456,99.7043
สท.4014	r	16.9837,99.6960 16.9781,99.6950 16.9720,99.6948 16.9660,99.6950 16.9631,99.6886 16.9616,99.6812 16.9588,99.6760 16.9521,99.6719 16.9497,99.6666 16.9453,99.6664
สท.3024	r	16.9409,99.6813 16.9354,99.6818 16.9284,99.6820 16.9236,99.6825
สท.3024	r	16.9167,99.6917 16.9172,99.6978 16.9180,99.7035 16.9143,99.7078 16.9204,99.7121 16.9212,99.7208 16.9198,99.7276 16.9190,99.7335
สท.4016	r	16.9853,99.7087 16.9791,99.7097 16.9779,99.7155 16.9784,99.7213 16.9807,99.7295
1332	s	16.9425,99.7281 16.9429,99.7296
สท.3024	r	16.9067,99.7845 16.9076,99.7787 16.9048,99.7726 16.9047,99.7668 16.9051,99.7611 16.9052,99.7598
1055	s	16.9397,99.9643 16.9425,99.9674 16.9447,99.9695 16.9474,99.9718 16.9509,99.9737 16.9525,99.9744
1372	s	16.7726,99.8850 16.7763,99.8856 16.7808,99.8864 16.7854,99.8896 16.7884,99.8912 16.7931,99.8927 16.7968,99.8929 16.7996,99.8921 16.8024,99.8920 16.8089,99.8921 16.8119,99.8927 16.8171,99.8938 16.8204,99.8899 16.8256,99.8880
สท.5014	r	16.8920,100.0379 16.8966,100.0349 16.9005,100.0268 16.9059,100.0257 16.9114,100.0227 16.9221,100.0128 16.9264,100.0085 16.9302,100.0031 16.9360,99.9936 16.9391,99.9885 16.9415,99.9826 16.9438,99.9770 16.9443,99.9710 16.9447,99.9695
สท.5023	r	17.0667,99.9668 17.0587,99.9702 17.0541,99.9732 17.0473,99.9720 17.0440,99.9770 17.0405,99.9814 17.0398,99.9825
125	t	17.0599,99.8938 17.0599,99.8940
125	t	17.0597,99.8938 17.0606,99.8904 17.0638,99.8772 17.0642,99.8757 17.0647,99.8735 17.0647,99.8734
125	t	17.0647,99.8734 17.0648,99.8731
125	t	17.0597,99.8940 17.0597,99.8938
125	t	17.0649,99.8734 17.0644,99.8755 17.0640,99.8771 17.0607,99.8905 17.0602,99.8926 17.0599,99.8938
125	t	17.0648,99.8731 17.0669,99.8652 17.0679,99.8614 17.0689,99.8577 17.0716,99.8472 17.0717,99.8469
125	t	17.0650,99.8731 17.0649,99.8734
1054	s	17.0402,99.8808 17.0383,99.8833 17.0352,99.8824 17.0324,99.8813 17.0296,99.8814 17.0266,99.8819 17.0263,99.8819
125	t	17.0599,99.8940 17.0591,99.8970 17.0584,99.8982 17.0559,99.8999 17.0530,99.9018 17.0518,99.9026 17.0479,99.9050 17.0427,99.9082 17.0367,99.9119 17.0345,99.9133 17.0342,99.9134
125	t	17.0342,99.9132 17.0355,99.9124 17.0385,99.9105 17.0426,99.9080 17.0513,99.9026 17.0528,99.9017 17.0558,99.8998 17.0574,99.8989 17.0584,99.8980 17.0595,99.8947 17.0597,99.8940
125	t	17.0340,99.9134 17.0342,99.9132
125	t	17.0340,99.9136 17.0237,99.9200 17.0203,99.9221 17.0130,99.9266 17.0111,99.9278 17.0079,99.9298
125	t	17.0342,99.9134 17.0340,99.9136
สท.4033	r	17.2367,99.8978 17.2456,99.8991 17.2515,99.8999 17.2542,99.9081
สท.4033	r	17.2361,99.8974 17.2304,99.8958
1370	p	17.3021,99.8343 17.3008,99.8348 17.2992,99.8354 17.2972,99.8362 17.2956,99.8369 17.2942,99.8374 17.2921,99.8382 17.2919,99.8383
	p	17.3029,99.8338 17.3030,99.8339
101	p	17.3746,99.8062 17.3741,99.8065
101	p	17.3741,99.8065 17.3727,99.8075 17.3709,99.8095 17.3684,99.8127 17.3664,99.8157 17.3645,99.8185 17.3637,99.8197 17.3625,99.8214 17.3609,99.8238 17.3599,99.8251 17.3581,99.8264 17.3564,99.8274 17.3547,99.8288 17.3536,99.8300 17.3532,99.8308
สท.4010	r	17.4155,99.9095 17.4146,99.9003 17.4140,99.8932 17.4143,99.8874 17.4153,99.8817 17.4109,99.8745 17.4086,99.8686 17.4071,99.8615 17.4061,99.8508 17.4066,99.8441 17.4067,99.8354 17.4055,99.8270 17.4033,99.8193 17.4008,99.8123 17.3994,99.8057 17.3996,99.8036
1327	s	17.2031,99.5313 17.2031,99.5310
1327	s	17.2031,99.5310 17.2009,99.5200 17.2049,99.5165 17.2084,99.5159 17.2124,99.5152 17.2150,99.5138 17.2177,99.5122 17.2205,99.5119 17.2235,99.5117 17.2270,99.5124 17.2305,99.5120 17.2332,99.5132 17.2356,99.5150 17.2406,99.5158
สท.ถ1-0022	r	17.1675,99.5240 17.1738,99.5249 17.1794,99.5248 17.1849,99.5228 17.1901,99.5214 17.1957,99.5218 17.2006,99.5192 17.2009,99.5192
สท.ถ1-0022	r	17.1672,99.5240 17.1675,99.5240
1327	s	17.3129,99.5360 17.3134,99.5363
1327	s	17.3127,99.5359 17.3129,99.5360
1327	s	17.3141,99.5366 17.3173,99.5368 17.3212,99.5367 17.3219,99.5365
1327	s	17.3134,99.5363 17.3141,99.5366
สท.ถ1-0010	r	17.4321,99.7180 17.4367,99.7145 17.4416,99.7110 17.4466,99.7086 17.4524,99.7066 17.4547,99.7065
สท.ถ1-0010	r	17.4547,99.7065 17.4603,99.7054 17.4630,99.7046
101	p	16.9262,99.7863 16.9265,99.7863
101	p	16.8989,99.7877 16.8992,99.7876
101	p	16.7701,99.7216 16.7702,99.7218
101	p	16.7744,99.7295 16.7745,99.7296
101	p	16.7784,99.7369 16.7786,99.7371
101	p	16.7745,99.7296 16.7769,99.7340 16.7781,99.7363 16.7784,99.7369
101	p	16.7786,99.7371 16.7796,99.7389 16.7804,99.7405 16.7811,99.7418 16.7818,99.7431 16.7826,99.7449 16.7831,99.7467 16.7841,99.7502 16.7845,99.7516 16.7853,99.7533 16.7866,99.7556 16.7873,99.7568 16.7897,99.7607 16.7907,99.7624 16.7924,99.7653 16.7936,99.7672 16.7944,99.7684 16.7954,99.7701 16.7971,99.7729 16.7986,99.7754 16.7997,99.7772 16.8014,99.7800 16.8028,99.7824 16.8040,99.7842 16.8049,99.7855 16.8061,99.7864 16.8076,99.7870 16.8091,99.7875 16.8111,99.7883 16.8126,99.7889 16.8164,99.7902 16.8184,99.7909 16.8207,99.7918 16.8231,99.7929 16.8251,99.7940
101	p	16.7702,99.7218 16.7719,99.7248 16.7733,99.7275 16.7744,99.7295
101	p	16.8992,99.7876 16.9037,99.7874 16.9068,99.7873 16.9090,99.7872 16.9139,99.7869 16.9184,99.7867 16.9234,99.7864 16.9249,99.7864 16.9262,99.7863
101	p	16.9861,99.7886 16.9873,99.7894 16.9909,99.7919 16.9921,99.7928 16.9946,99.7946 16.9988,99.7976 17.0004,99.7987 17.0022,99.8000 17.0037,99.8011 17.0049,99.8021 17.0069,99.8034 17.0088,99.8048 17.0093,99.8052
101	p	16.9265,99.7863 16.9300,99.7860 16.9376,99.7854 16.9409,99.7851 16.9424,99.7850 16.9439,99.7852 16.9453,99.7855 16.9477,99.7860 16.9494,99.7864
1272	s	17.0176,99.7337 17.0179,99.7337
สท.3049	r	16.7852,99.7388 16.7915,99.7407 16.7946,99.7402
สท.3049	r	16.7850,99.7391 16.7852,99.7388
สท.3049	r	16.7946,99.7402 16.7947,99.7403
สท.3049	r	16.7947,99.7403 16.8003,99.7412 16.8058,99.7420 16.8112,99.7425 16.8201,99.7432 16.8266,99.7437 16.8330,99.7432 16.8388,99.7428 16.8447,99.7425
106	p	17.3289,99.5041 17.3279,99.5060 17.3273,99.5076 17.3280,99.5109 17.3293,99.5155 17.3304,99.5194 17.3308,99.5217 17.3316,99.5292 17.3321,99.5338 17.3323,99.5356 17.3324,99.5372 17.3325,99.5388
106	p	17.3325,99.5388 17.3322,99.5367 17.3320,99.5352 17.3317,99.5322 17.3316,99.5308 17.3314,99.5292 17.3306,99.5217 17.3304,99.5202 17.3298,99.5178 17.3291,99.5154 17.3279,99.5109 17.3273,99.5088 17.3272,99.5073 17.3287,99.5041
สท.4033	r	17.2725,99.9536 17.2717,99.9422 17.2687,99.9327 17.2632,99.9346
106	p	17.3351,99.4869 17.3352,99.4867
12	p	17.0104,99.7906 17.0102,99.7942 17.0101,99.7948
12	p	17.0101,99.7948 17.0101,99.7952
	t	17.0666,99.7844 17.0664,99.7845
	t	17.0643,99.7721 17.0641,99.7721
	t	17.0609,99.7479 17.0607,99.7479
	t	17.0585,99.7242 17.0587,99.7242
สท.4056	r	17.0678,99.7069 17.0684,99.7141 17.0697,99.7203 17.0699,99.7263 17.0707,99.7324 17.0723,99.7381 17.0714,99.7475 17.0714,99.7549 17.0717,99.7616 17.0723,99.7689 17.0705,99.7772
สท.3042	r	17.1484,99.7154 17.1448,99.7104 17.1392,99.7094 17.1338,99.7104 17.1272,99.7114 17.1228,99.7071 17.1175,99.7032 17.1174,99.7001
สท.3042	r	17.1694,99.7139 17.1630,99.7147 17.1609,99.7147
พร.3041	r	17.7310,99.7417 17.7296,99.7445
พร.3041	r	17.7312,99.7412 17.7310,99.7417
ตก.3091	r	16.9415,99.4301 16.9491,99.4284 16.9551,99.4277 16.9586,99.4332 16.9546,99.4375 16.9486,99.4384 16.9485,99.4384
ตก.3058	r	16.8699,99.4475 16.8714,99.4401 16.8736,99.4347 16.8775,99.4298 16.8811,99.4252 16.8857,99.4218 16.8904,99.4186 16.8944,99.4134 16.8984,99.4090 16.9033,99.4064 16.9052,99.3971 16.9054,99.3908 16.9099,99.3874 16.9149,99.3842 16.9189,99.3818
สท.017	r	17.2768,99.8437 17.2808,99.8396 17.2813,99.8392
สท.017	r	17.2822,99.8383 17.2837,99.8349
สท.5025	r	17.2165,99.9074 17.2183,99.9154 17.2196,99.9212 17.2209,99.9271 17.2223,99.9330 17.2236,99.9389 17.2249,99.9447 17.2253,99.9467
1330	s	17.3333,99.5372 17.3324,99.5368
1330	s	17.3324,99.5368 17.3333,99.5372
101	p	17.0211,99.8214 17.0212,99.8215
101	p	17.0368,99.8238 17.0371,99.8237
101	p	17.0371,99.8237 17.0389,99.8227 17.0403,99.8221 17.0416,99.8215 17.0431,99.8211 17.0447,99.8211 17.0461,99.8214 17.0477,99.8222 17.0490,99.8232 17.0501,99.8246 17.0519,99.8268 17.0536,99.8291 17.0546,99.8304 17.0563,99.8328 17.0573,99.8340 17.0584,99.8355
1293	p	17.0117,99.8369 17.0136,99.8347 17.0150,99.8332 17.0163,99.8317 17.0186,99.8291 17.0197,99.8278 17.0202,99.8259 17.0209,99.8224 17.0211,99.8216
1293	s	17.0116,99.8371 17.0109,99.8373
1293	p	17.0117,99.8369 17.0115,99.8370
1293	p	17.0117,99.8370 17.0116,99.8371
1293	s	17.0109,99.8373 17.0115,99.8370
1293	p	17.0212,99.8216 17.0208,99.8234 17.0205,99.8249 17.0202,99.8269 17.0195,99.8283 17.0177,99.8303 17.0164,99.8318 17.0151,99.8332 17.0136,99.8350 17.0122,99.8365 17.0117,99.8370
สท.4010	r	17.6933,99.7119 17.6935,99.7115
สท.4010	r	17.6935,99.7115 17.6951,99.7060 17.6967,99.7016
อต.4085	r	17.5671,99.9334 17.5621,99.9360 17.5561,99.9358 17.5497,99.9378 17.5445,99.9400 17.5390,99.9401 17.5375,99.9407
1318	s	17.3342,99.9855 17.3334,99.9853
1180	s	17.3410,99.9553 17.3409,99.9549
1180	s	17.3409,99.9549 17.3402,99.9515 17.3393,99.9471 17.3386,99.9439 17.3383,99.9408 17.3377,99.9344 17.3371,99.9280 17.3365,99.9224 17.3359,99.9165 17.3354,99.9117 17.3346,99.9057 17.3371,99.9016 17.3400,99.8963 17.3452,99.8867 17.3453,99.8838 17.3444,99.8765 17.3433,99.8680 17.3425,99.8622 17.3421,99.8586 17.3417,99.8559
1373	s	17.3427,99.9539 17.3425,99.9494 17.3423,99.9426 17.3422,99.9396 17.3420,99.9332 17.3419,99.9294 17.3418,99.9257 17.3416,99.9199 17.3413,99.9127 17.3412,99.9085 17.3401,99.9052 17.3384,99.9010 17.3380,99.8999
1318	s	17.3334,99.9853 17.3292,99.9842 17.3236,99.9826 17.3199,99.9816 17.3172,99.9809 17.3126,99.9797 17.3084,99.9786 17.3080,99.9785
1373	s	17.3427,99.9541 17.3427,99.9539
1055	s	16.9276,99.9597 16.9297,99.9630 16.9327,99.9650 16.9353,99.9664 16.9382,99.9652 16.9397,99.9643
1055	s	16.9271,99.9590 16.9276,99.9597
สท. 4046	r	16.9007,99.9419 16.9057,99.9447 16.9024,99.9494 16.9018,99.9509
1055	s	16.9026,99.9510 16.9071,99.9514 16.9122,99.9532 16.9148,99.9542 16.9177,99.9552 16.9217,99.9557 16.9249,99.9561 16.9269,99.9586 16.9271,99.9590
1055	s	16.9024,99.9510 16.9026,99.9510
สท.5004	r	16.8907,99.8243 16.8901,99.8319 16.8906,99.8392 16.8946,99.8436 16.8967,99.8438
สท.5004	r	16.8907,99.8235 16.8907,99.8243
1055	s	16.8818,99.9440 16.8822,99.9440
1055	s	16.8822,99.9440 16.8866,99.9453 16.8904,99.9468 16.8958,99.9488 16.8959,99.9489
1311	s	16.8146,99.8039 16.8147,99.8036
สท.4001	r	16.8257,99.8128 16.8313,99.8120
1311	s	16.8147,99.8036 16.8168,99.8014 16.8190,99.7989 16.8198,99.7953 16.8196,99.7921 16.8196,99.7914
สท.4001	r	16.8255,99.8128 16.8257,99.8128
สท.4001	r	16.8419,99.8230 16.8419,99.8231
สท.4001	r	16.8419,99.8231 16.8402,99.8297 16.8461,99.8327 16.8499,99.8371 16.8552,99.8386 16.8608,99.8403 16.8671,99.8474 16.8695,99.8534 16.8720,99.8585 16.8735,99.8605
1057	s	17.0133,100.0605 17.0126,100.0605
1057	s	17.0126,100.0605 17.0096,100.0578 17.0086,100.0546 17.0061,100.0528 17.0017,100.0515 16.9989,100.0500 16.9964,100.0485 16.9935,100.0472 16.9909,100.0460 16.9862,100.0452 16.9831,100.0440 16.9800,100.0422 16.9757,100.0412 16.9724,100.0408 16.9686,100.0403
สท.3035	r	17.3567,99.9214 17.3509,99.9183 17.3413,99.9117
สท.3035	r	17.3569,99.9216 17.3567,99.9214
12	t	16.9601,99.9898 16.9581,99.9857 16.9564,99.9823 16.9558,99.9810 16.9541,99.9775 16.9534,99.9762 16.9525,99.9744 16.9514,99.9721 16.9507,99.9706 16.9502,99.9693 16.9502,99.9673 16.9512,99.9653 16.9524,99.9642 16.9545,99.9628 16.9567,99.9615 16.9579,99.9607 16.9741,99.9507 16.9774,99.9486 16.9790,99.9476 16.9829,99.9452 16.9846,99.9441 16.9867,99.9428 16.9923,99.9393 16.9973,99.9362 16.9997,99.9347 17.0015,99.9336 17.0058,99.9309
12	t	16.9604,99.9905 16.9601,99.9898
12	t	16.9602,99.9897 16.9605,99.9904
สท.2005	r	16.9780,100.0111 16.9836,100.0108 16.9859,100.0118
สท.2005	r	16.9708,100.0230 16.9760,100.0211 16.9800,100.0147 16.9780,100.0111
สท.3048	r	17.0707,99.6386 17.0667,99.6427 17.0612,99.6429 17.0570,99.6468 17.0569,99.6468
1056	s	17.1714,99.7264 17.1714,99.7265
1330	s	17.5074,99.5267 17.5062,99.5238 17.5058,99.5193 17.5056,99.5160 17.5032,99.5146 17.5001,99.5151 17.4978,99.5133 17.4951,99.5102 17.4929,99.5081 17.4899,99.5069 17.4872,99.5060 17.4850,99.5040 17.4822,99.5042 17.4794,99.5036 17.4766,99.5033 17.4735,99.5025 17.4700,99.5016 17.4672,99.5016 17.4643,99.5013 17.4614,99.5011 17.4575,99.5017 17.4544,99.5023 17.4515,99.5032 17.4478,99.5038 17.4441,99.5041 17.4403,99.5044 17.4370,99.5032 17.4339,99.5034 17.4305,99.5053 17.4279,99.5065 17.4247,99.5069 17.4219,99.5068 17.4192,99.5065 17.4163,99.5056 17.4121,99.5043 17.4092,99.5049 17.4058,99.5043 17.4019,99.5024 17.3987,99.5006 17.3944,99.4996 17.3910,99.4992 17.3884,99.4982 17.3854,99.4978 17.3824,99.4979 17.3797,99.4972 17.3767,99.4984 17.3736,99.5008 17.3717,99.5031 17.3735,99.5059 17.3740,99.5125 17.3750,99.5155 17.3753,99.5186 17.3733,99.5217 17.3712,99.5249 17.3690,99.5278 17.3680,99.5306 17.3662,99.5332 17.3658,99.5360 17.3682,99.5374 17.3678,99.5404 17.3656,99.5424 17.3628,99.5428 17.3591,99.5433 17.3560,99.5444 17.3524,99.5452 17.3470,99.5429 17.3414,99.5406 17.3333,99.5372
1330	s	17.5075,99.5270 17.5074,99.5267
สท.3043	r	17.2197,99.8895 17.2259,99.8885 17.2310,99.8864 17.2365,99.8867 17.2391,99.8873
สท.3043	r	17.2194,99.8895 17.2197,99.8895
1180	s	17.3414,99.8553 17.3385,99.8514 17.3366,99.8489 17.3361,99.8481
1180	s	17.3417,99.8559 17.3414,99.8553
101	p	17.3499,99.8383 17.3492,99.8398 17.3484,99.8416 17.3472,99.8442 17.3464,99.8458 17.3450,99.8467 17.3436,99.8470 17.3418,99.8470 17.3413,99.8471
101	p	17.3501,99.8378 17.3499,99.8383
1195	s	17.1761,99.8518 17.1789,99.8518 17.1818,99.8518 17.1851,99.8518 17.1883,99.8518 17.1915,99.8511 17.1944,99.8500 17.1971,99.8490 17.2017,99.8488 17.2081,99.8493 17.2140,99.8498 17.2172,99.8500 17.2173,99.8500
1195	s	17.1761,99.8518 17.1747,99.8516
1195	s	17.1747,99.8516 17.1761,99.8518
1056	s	17.1762,99.8500 17.1749,99.8527 17.1725,99.8560 17.1707,99.8585 17.1704,99.8588
1056	s	17.1704,99.8588 17.1724,99.8560 17.1741,99.8537 17.1758,99.8509 17.1762,99.8500
1056	s	17.1704,99.8588 17.1692,99.8607
1054	s	17.1622,99.8629 17.1629,99.8618
1054	s	17.1630,99.8619 17.1622,99.8629
1404	s	17.4961,99.7528 17.4931,99.7532 17.4900,99.7534 17.4810,99.7537 17.4770,99.7538 17.4762,99.7539
125	t	17.0720,99.8466 17.0719,99.8469
101	p	17.0710,99.8398 17.0707,99.8399
101	p	17.0371,99.8238 17.0369,99.8239
101	p	17.0587,99.8358 17.0597,99.8373 17.0607,99.8386 17.0619,99.8397 17.0634,99.8404 17.0648,99.8406 17.0673,99.8403 17.0698,99.8399 17.0707,99.8398
125	t	17.0719,99.8469 17.0691,99.8575 17.0681,99.8614 17.0650,99.8731 17.0650,99.8731
125	t	17.0718,99.8466 17.0729,99.8425 17.0732,99.8407 17.0732,99.8387 17.0732,99.8376
101	p	17.0747,99.8393 17.0732,99.8395 17.0710,99.8398
101	p	17.0583,99.8356 17.0572,99.8341 17.0553,99.8315 17.0535,99.8292 17.0527,99.8280 17.0518,99.8269 17.0507,99.8255 17.0495,99.8239 17.0483,99.8227 17.0472,99.8220 17.0456,99.8213 17.0443,99.8211 17.0427,99.8213 17.0412,99.8217 17.0395,99.8225 17.0371,99.8238
101	p	17.0710,99.8397 17.0732,99.8394 17.0747,99.8392
125	t	17.0717,99.8469 17.0718,99.8466
101	p	17.0586,99.8359 17.0583,99.8356
101	p	17.0707,99.8398 17.0710,99.8397
101	p	17.0369,99.8239 17.0345,99.8251 17.0330,99.8259 17.0314,99.8262 17.0298,99.8258 17.0286,99.8249 17.0275,99.8234 17.0261,99.8223 17.0247,99.8219 17.0230,99.8217 17.0215,99.8216 17.0212,99.8216
สท.3024	r	16.9236,99.6825 16.9236,99.6826
สท.3024	r	16.9236,99.6826 16.9220,99.6897 16.9167,99.6917
สท.4010	r	17.7353,99.6480 17.7407,99.6503 17.7460,99.6518 17.7498,99.6562 17.7527,99.6612 17.7569,99.6651 17.7599,99.6703 17.7624,99.6755 17.7663,99.6799 17.7689,99.6857 17.7727,99.6899 17.7774,99.6907
101	p	17.3929,99.8017 17.3945,99.8022 17.3963,99.8027 17.3982,99.8032 17.3996,99.8036 17.4014,99.8041 17.4033,99.8046 17.4048,99.8050 17.4062,99.8054 17.4078,99.8065 17.4086,99.8073
101	p	17.4086,99.8073 17.4072,99.8062 17.4054,99.8053 17.4029,99.8046 17.4014,99.8042 17.3995,99.8037 17.3981,99.8033 17.3957,99.8027 17.3929,99.8019
สท.4013	s	17.2140,99.8498 17.2138,99.8529 17.2131,99.8563 17.2136,99.8586
สท.5094	r	17.2990,99.8699 17.2992,99.8692
สท.5094	r	17.2992,99.8692 17.3023,99.8628 17.3061,99.8551 17.3091,99.8484
101	p	17.3524,99.8327 17.3502,99.8376 17.3501,99.8378
101	p	17.3532,99.8308 17.3524,99.8327
สท.4018	r	17.1239,99.6309 17.1255,99.6228 17.1238,99.6147 17.1222,99.6088 17.1237,99.6017 17.1242,99.5953
สท.3101	r	17.1271,99.6308 17.1284,99.6221 17.1253,99.6087 17.1267,99.6007 17.1332,99.5922 17.1333,99.5920
1056	s	17.1692,99.7099 17.1693,99.7132 17.1699,99.7170 17.1704,99.7199 17.1712,99.7244 17.1714,99.7264
สท.3042	r	17.1608,99.7148 17.1552,99.7149 17.1487,99.7154 17.1486,99.7154
สท.3042	r	17.1609,99.7147 17.1608,99.7148
1056	s	17.1692,99.7096 17.1692,99.7099
1369	s	16.9987,99.8375 16.9996,99.8366
1293	s	16.9935,99.8374 16.9964,99.8373 16.9979,99.8372
1293	s	16.9979,99.8372 17.0003,99.8382
1293	s	16.9933,99.8374 16.9935,99.8374
1293	s	17.0003,99.8382 16.9975,99.8373 16.9936,99.8374 16.9933,99.8374
1369	s	16.9996,99.8366 16.9988,99.8376
สท.4053	r	17.3192,99.9458 17.3194,99.9457
สท.4053	r	17.3194,99.9457 17.3257,99.9440 17.3310,99.9426 17.3346,99.9417
สท.4053	r	17.3015,99.9770 17.2984,99.9609 17.3033,99.9582 17.3022,99.9519 17.3104,99.9481 17.3185,99.9459 17.3192,99.9458
สท.4033	r	17.2542,99.9081 17.2562,99.9138 17.2595,99.9238 17.2632,99.9346
1195	s	17.2414,99.8469 17.2381,99.8464 17.2352,99.8463 17.2312,99.8469 17.2284,99.8475 17.2281,99.8476
1195	s	17.2414,99.8469 17.2447,99.8474 17.2478,99.8471 17.2504,99.8458 17.2528,99.8435 17.2551,99.8413 17.2568,99.8389 17.2587,99.8366 17.2618,99.8361 17.2646,99.8353 17.2674,99.8331 17.2695,99.8312 17.2727,99.8304 17.2755,99.8298 17.2789,99.8312 17.2811,99.8335 17.2837,99.8349 17.2867,99.8344 17.2894,99.8330 17.2925,99.8311 17.2940,99.8287 17.2961,99.8269 17.2988,99.8267 17.3019,99.8265 17.3027,99.8263
สท.4008	r	17.4240,99.5916 17.4292,99.5898 17.4347,99.5900 17.4408,99.5879 17.4463,99.5885 17.4511,99.5911 17.4540,99.5938
สท.4008	r	17.4540,99.5938 17.4540,99.5940
สท.4008	r	17.4540,99.5940 17.4538,99.5983
สท.4002	r	17.6504,99.8284 17.6555,99.8316 17.6595,99.8349
สท.4002	r	17.6595,99.8356 17.6617,99.8410 17.6638,99.8467 17.6655,99.8524 17.6679,99.8582 17.6690,99.8639 17.6734,99.8673 17.6718,99.8729 17.6680,99.8777 17.6642,99.8820 17.6636,99.8877 17.6638,99.8936 17.6655,99.8993 17.6654,99.9041
101	p	16.9678,99.7882 16.9697,99.7882 16.9722,99.7883 16.9744,99.7883 16.9774,99.7883 16.9807,99.7881 16.9844,99.7880 16.9858,99.7884
101	p	16.9858,99.7885 16.9844,99.7881 16.9816,99.7882 16.9779,99.7884 16.9755,99.7885 16.9742,99.7884 16.9722,99.7884 16.9690,99.7883 16.9678,99.7882
	p	16.9722,99.7884 16.9722,99.7883
	p	16.9732,99.7884 16.9732,99.7883
	p	16.9779,99.7884 16.9779,99.7883
	p	16.9755,99.7885 16.9756,99.7884
101	p	16.9861,99.7886 16.9858,99.7885
101	p	16.9858,99.7884 16.9861,99.7886
101	p	17.0092,99.8052 17.0078,99.8042 17.0051,99.8023 17.0014,99.7997 16.9987,99.7978 16.9927,99.7934 16.9887,99.7905 16.9875,99.7896 16.9861,99.7886
	p	16.9872,99.7894 16.9873,99.7894
	p	16.9921,99.7928 16.9921,99.7929
	p	17.0069,99.8034 17.0068,99.8035
สท.5064	r	17.6203,99.6270 17.6180,99.6323 17.6167,99.6386 17.6150,99.6441 17.6111,99.6481 17.6065,99.6525 17.6062,99.6585 17.6027,99.6630 17.5979,99.6659 17.5943,99.6703 17.5956,99.6760 17.5986,99.6811 17.6019,99.6858 17.6067,99.6888 17.6096,99.6938 17.6110,99.6998 17.6066,99.7042 17.6015,99.7067 17.5960,99.7069 17.5961,99.7127 17.5916,99.7165 17.5865,99.7195 17.5811,99.7177 17.5752,99.7194 17.5700,99.7210 17.5687,99.7266 17.5697,99.7324 17.5695,99.7354
สท.5004	r	16.9069,99.8451 16.9124,99.8442 16.9134,99.8429
สท.5004	r	16.9065,99.8450 16.9069,99.8451
สท.ถ1-0014	r	17.5150,99.9035 17.5095,99.9041 17.5090,99.9075
1255	s	17.3453,99.9900 17.3480,99.9894 17.3477,99.9860
อต.4012	r	17.3436,100.0063 17.3351,100.0086 17.3256,100.0108 17.3213,100.0118
อต.4012	r	17.3439,100.0062 17.3436,100.0063
สท.4002	r	17.6365,99.8278 17.6430,99.8276 17.6496,99.8283 17.6504,99.8284
สท.4002	r	17.5688,99.8236 17.5744,99.8250 17.5792,99.8222 17.5832,99.8180 17.5866,99.8133 17.5869,99.8117
สท.4002	r	17.5868,99.8109 17.5925,99.8104 17.5977,99.8124 17.6031,99.8133 17.6087,99.8161 17.6143,99.8174 17.6195,99.8211 17.6201,99.8255
สท.4002	r	17.6361,99.8278 17.6365,99.8278
1293	s	16.9933,99.8374 16.9924,99.8373
สท.4003	r	16.9959,99.8343 17.0014,99.8316 17.0029,99.8313
1368	s	17.0103,99.7914 17.0076,99.7915 17.0057,99.7915
1368	s	17.0000,99.7911 17.0030,99.7915 17.0057,99.7915
สท.5004	r	16.8967,99.8438 16.8974,99.8438
สท.5004	r	16.8974,99.8438 16.9033,99.8444 16.9065,99.8450
1332	s	16.9429,99.7296 16.9430,99.7299
1332	s	16.9430,99.7299 16.9446,99.7323 16.9465,99.7347 16.9483,99.7371 16.9487,99.7401 16.9490,99.7441
1311	s	16.8193,99.8132 16.8191,99.8132
1311	s	16.8191,99.8132 16.8161,99.8129 16.8141,99.8130
สท.3082	r	17.1770,99.7027 17.1732,99.7081 17.1708,99.7133 17.1694,99.7139
สท.3082	r	17.1772,99.7027 17.1770,99.7027
สท.4002	r	17.5869,99.8117 17.5868,99.8109
สท.4007	r	17.3628,99.8892 17.3690,99.8903 17.3747,99.8913 17.3825,99.8927 17.3879,99.8926 17.3881,99.8925
สท.4013	s	17.2136,99.8586 17.2136,99.8595
101	p	17.1588,99.8587 17.1603,99.8599 17.1614,99.8607 17.1629,99.8618 17.1641,99.8626 17.1656,99.8637 17.1668,99.8644 17.1684,99.8648 17.1700,99.8650 17.1718,99.8646 17.1741,99.8637 17.1757,99.8632 17.1774,99.8631 17.1790,99.8635 17.1805,99.8640 17.1825,99.8646 17.1844,99.8652 17.1859,99.8656 17.1875,99.8658 17.1898,99.8661 17.1914,99.8663 17.1951,99.8668 17.1951,99.8668
101	p	17.1115,99.8465 17.1116,99.8467
101	p	17.0824,99.8380 17.0819,99.8381
101	p	17.0823,99.8380 17.0843,99.8377 17.0868,99.8373 17.0905,99.8368 17.0925,99.8365 17.0945,99.8366 17.0963,99.8371 17.0984,99.8381 17.1054,99.8413 17.1071,99.8420 17.1084,99.8426 17.1097,99.8435 17.1106,99.8447 17.1115,99.8465
101	p	17.1114,99.8465 17.1106,99.8448 17.1096,99.8436 17.1084,99.8427 17.1071,99.8421 17.0983,99.8381 17.0962,99.8372 17.0945,99.8367 17.0925,99.8366 17.0905,99.8369 17.0852,99.8376 17.0824,99.8380
101	p	17.1116,99.8467 17.1130,99.8493 17.1139,99.8504 17.1153,99.8511 17.1163,99.8512
101	p	17.0818,99.8380 17.0823,99.8380
101	p	17.0747,99.8392 17.0775,99.8387 17.0813,99.8381 17.0818,99.8380
สท.5004	r	16.9139,99.8426 16.9147,99.8425
สท.5004	r	16.9134,99.8429 16.9139,99.8426
1293	s	16.8987,99.8836 16.8985,99.8837
1293	s	16.8985,99.8837 16.8940,99.8845
สท.2006	r	16.8968,99.8784 16.9025,99.8799 16.9031,99.8819
สท.2006	r	16.8964,99.8783 16.8968,99.8784
สท.4003	r	16.9147,99.8425 16.9223,99.8354 16.9272,99.8329 16.9308,99.8285 16.9378,99.8239 16.9436,99.8217 16.9491,99.8210 16.9539,99.8242 16.9600,99.8243 16.9651,99.8216 16.9708,99.8234 16.9761,99.8264 16.9822,99.8297 16.9880,99.8312 16.9924,99.8348 16.9953,99.8344
สท.4002	r	17.6201,99.8255 17.6254,99.8277 17.6308,99.8290 17.6361,99.8278
12	t	16.9658,100.0630 16.9658,100.0631
12	t	16.9658,100.0628 16.9658,100.0630
12	t	16.9657,100.0631 16.9657,100.0628
12	t	16.9657,100.0628 16.9660,100.0609
12	t	16.9662,100.0600 16.9660,100.0617 16.9658,100.0628
12	t	16.9660,100.0609 16.9661,100.0600
12	t	16.9661,100.0600 16.9662,100.0585 16.9664,100.0576
12	t	16.9663,100.0591 16.9662,100.0600
12	t	16.9665,100.0576 16.9663,100.0591
12	t	16.9664,100.0576 16.9664,100.0573
12	t	16.9664,100.0573 16.9667,100.0547 16.9674,100.0487
12	t	16.9665,100.0573 16.9665,100.0576
12	t	16.9676,100.0485 16.9671,100.0527 16.9665,100.0571 16.9665,100.0573
12	t	16.9677,100.0481 16.9676,100.0485
12	t	16.9674,100.0487 16.9675,100.0481
12	t	16.9675,100.0481 16.9679,100.0450
12	t	16.9677,100.0476 16.9677,100.0481
12	t	16.9681,100.0450 16.9677,100.0476
12	t	16.9679,100.0450 16.9680,100.0447
12	t	16.9680,100.0447 16.9692,100.0349 16.9694,100.0330 16.9707,100.0229 16.9713,100.0183 16.9716,100.0157 16.9716,100.0140 16.9688,100.0076 16.9649,99.9997 16.9634,99.9965 16.9625,99.9948 16.9617,99.9932 16.9604,99.9905
12	t	16.9681,100.0447 16.9681,100.0450
12	t	16.9605,99.9904 16.9619,99.9932 16.9627,99.9948 16.9633,99.9962 16.9641,99.9977 16.9651,99.9996 16.9689,100.0075 16.9710,100.0118 16.9717,100.0135 16.9718,100.0151 16.9715,100.0179 16.9708,100.0230 16.9706,100.0249 16.9696,100.0330 16.9686,100.0403 16.9684,100.0422 16.9681,100.0447
12	t	16.9591,100.1067 16.9595,100.1048 16.9598,100.1032 16.9601,100.1017 16.9604,100.1002
12	t	16.9606,100.0997 16.9602,100.1016 16.9592,100.1068
12	t	16.9604,100.1002 16.9605,100.0996
12	t	16.9605,100.0996 16.9608,100.0984
12	t	16.9607,100.0991 16.9606,100.0997
12	t	16.9609,100.0984 16.9607,100.0991
12	t	16.9608,100.0984 16.9608,100.0981
12	t	16.9608,100.0981 16.9614,100.0953 16.9615,100.0950
12	t	16.9609,100.0982 16.9609,100.0984
12	t	16.9616,100.0950 16.9612,100.0970 16.9609,100.0982
12	t	16.9615,100.0950 16.9615,100.0948
12	t	16.9615,100.0948 16.9618,100.0932 16.9622,100.0911 16.9626,100.0876 16.9628,100.0859 16.9630,100.0843
12	t	16.9616,100.0948 16.9616,100.0950
12	t	16.9631,100.0844 16.9629,100.0863 16.9623,100.0910 16.9621,100.0925 16.9616,100.0948
12	t	16.9630,100.0843 16.9630,100.0841
12	t	16.9630,100.0841 16.9632,100.0826 16.9633,100.0818
12	t	16.9632,100.0842 16.9631,100.0844
12	t	16.9635,100.0812 16.9634,100.0826 16.9632,100.0842
12	t	16.9633,100.0818 16.9634,100.0812
12	t	16.9634,100.0812 16.9639,100.0777 16.9645,100.0729 16.9648,100.0702
12	t	16.9636,100.0805 16.9635,100.0812
12	t	16.9650,100.0696 16.9644,100.0742 16.9637,100.0802 16.9636,100.0805
12	t	16.9648,100.0702 16.9649,100.0695
12	t	16.9649,100.0695 16.9651,100.0679 16.9653,100.0663 16.9655,100.0644 16.9657,100.0631
12	t	16.9651,100.0689 16.9650,100.0696
12	t	16.9658,100.0631 16.9655,100.0657 16.9651,100.0689
สท.5094	r	17.2869,99.9227 17.2904,99.9170 17.2891,99.9111 17.2939,99.9007 17.2954,99.8923 17.2970,99.8839 17.2985,99.8748 17.2990,99.8699
สท.5091	r	17.2826,99.8642 17.2829,99.8539 17.2831,99.8481 17.2832,99.8477
1180	s	17.3298,99.8392 17.3299,99.8397
102	p	17.4346,99.7244 17.4335,99.7244
12	p	17.0073,99.9289 17.0084,99.9265 17.0087,99.9257
12	p	17.0299,99.6760 17.0309,99.6745 17.0332,99.6711 17.0348,99.6688 17.0355,99.6676 17.0364,99.6646 17.0372,99.6621 17.0385,99.6577 17.0389,99.6563 17.0390,99.6548 17.0389,99.6521 17.0388,99.6492 17.0386,99.6472
12	p	17.0163,99.7316 17.0165,99.7302 17.0167,99.7287 17.0169,99.7271 17.0172,99.7246 17.0174,99.7231
12	p	17.0098,99.7981 17.0098,99.7978
12	p	17.0098,99.7978 17.0099,99.7961 17.0100,99.7952
12	p	17.0099,99.7978 17.0099,99.7981
12	p	17.0101,99.7952 17.0099,99.7978
1294	s	17.4688,99.6403 17.4689,99.6403
1294	s	17.4689,99.6403 17.4715,99.6413 17.4718,99.6445 17.4718,99.6464
1294	s	17.4718,99.6464 17.4718,99.6469
1294	s	17.4718,99.6469 17.4702,99.6498 17.4682,99.6528 17.4663,99.6553 17.4644,99.6574 17.4638,99.6605 17.4615,99.6634 17.4594,99.6666 17.4586,99.6697 17.4588,99.6753 17.4590,99.6782 17.4589,99.6813 17.4570,99.6837 17.4543,99.6845 17.4504,99.6848 17.4475,99.6852 17.4445,99.6861 17.4410,99.6879 17.4373,99.6886 17.4344,99.6881 17.4319,99.6889 17.4297,99.6932 17.4290,99.6972 17.4282,99.7008 17.4282,99.7037 17.4285,99.7069 17.4292,99.7101 17.4295,99.7133 17.4306,99.7160 17.4324,99.7186 17.4339,99.7210 17.4346,99.7244 17.4346,99.7276 17.4325,99.7296 17.4309,99.7323 17.4292,99.7350 17.4273,99.7376 17.4254,99.7396 17.4190,99.7438 17.4154,99.7462 17.4129,99.7478 17.4097,99.7488 17.4076,99.7510 17.4061,99.7544 17.4039,99.7576 17.4012,99.7616 17.3992,99.7637 17.3980,99.7667 17.3964,99.7715 17.3967,99.7746 17.3986,99.7790 17.3989,99.7822 17.3980,99.7874 17.3964,99.7900 17.3956,99.7929 17.3966,99.7954
สท.2009	r	16.9957,99.9535 16.9955,99.9534
สท.2009	r	16.9955,99.9534 16.9899,99.9514 16.9868,99.9462 16.9854,99.9438
สท.3009	r	16.9394,100.0351 16.9396,100.0351
สท.3009	r	16.9396,100.0351 16.9448,100.0331 16.9523,100.0294 16.9576,100.0282 16.9658,100.0244 16.9707,100.0229
1272	s	17.0307,99.7336 17.0279,99.7346 17.0239,99.7343 17.0203,99.7340 17.0179,99.7338
1272	s	17.0179,99.7338 17.0176,99.7338
1272	s	17.0179,99.7337 17.0232,99.7341 17.0266,99.7344 17.0295,99.7342 17.0307,99.7336
12	p	17.0161,99.7339 17.0163,99.7320 17.0163,99.7316
	p	17.0162,99.7342 17.0162,99.7342
12	p	17.0165,99.7343 17.0159,99.7356 17.0157,99.7379
106	p	17.3025,99.8294 17.3026,99.8278 17.3027,99.8263 17.3030,99.8247 17.3037,99.8232 17.3049,99.8215 17.3083,99.8165 17.3097,99.8145 17.3100,99.8129 17.3097,99.8098 17.3098,99.8081 17.3103,99.8023 17.3104,99.8009 17.3100,99.7967 17.3098,99.7950 17.3095,99.7925 17.3090,99.7892 17.3085,99.7872 17.3071,99.7821 17.3068,99.7805 17.3064,99.7788 17.3060,99.7768 17.3060,99.7750 17.3066,99.7733 17.3073,99.7719 17.3080,99.7706 17.3091,99.7683 17.3096,99.7667 17.3093,99.7647 17.3092,99.7632 17.3088,99.7566 17.3087,99.7542 17.3085,99.7517 17.3083,99.7448 17.3083,99.7431 17.3086,99.7387 17.3089,99.7326 17.3093,99.7267 17.3096,99.7206 17.3097,99.7189 17.3098,99.7173 17.3100,99.7145 17.3116,99.7087 17.3124,99.7057 17.3129,99.7041 17.3134,99.7023 17.3140,99.7004 17.3157,99.6943 17.3176,99.6876 17.3178,99.6858 17.3178,99.6841 17.3177,99.6818 17.3176,99.6799 17.3175,99.6772 17.3175,99.6752 17.3172,99.6670 17.3171,99.6638 17.3167,99.6530 17.3166,99.6513 17.3165,99.6492 17.3165,99.6477 17.3165,99.6459 17.3164,99.6442 17.3167,99.6426 17.3178,99.6409 17.3191,99.6394 17.3201,99.6381 17.3212,99.6368 17.3222,99.6357 17.3238,99.6337 17.3248,99.6325 17.3261,99.6310 17.3270,99.6299 17.3278,99.6287 17.3285,99.6269 17.3298,99.6239 17.3304,99.6225 17.3312,99.6211 17.3333,99.6182 17.3341,99.6170 17.3415,99.6028 17.3422,99.6015 17.3436,99.5989 17.3439,99.5973 17.3435,99.5958 17.3408,99.5927 17.3377,99.5894 17.3370,99.5881 17.3370,99.5853
106	p	17.3370,99.5853 17.3370,99.5849
106	p	17.3370,99.5849 17.3370,99.5829 17.3370,99.5814 17.3368,99.5797 17.3354,99.5659 17.3352,99.5641 17.3349,99.5614 17.3348,99.5599 17.3344,99.5566 17.3342,99.5542 17.3340,99.5525 17.3338,99.5505 17.3334,99.5475 17.3331,99.5442 17.3329,99.5423 17.3326,99.5398 17.3325,99.5388
106	p	17.3350,99.4887 17.3349,99.4905 17.3348,99.4919 17.3345,99.4934 17.3324,99.4974 17.3313,99.4995 17.3298,99.5024 17.3289,99.5041
101	p	17.0093,99.8052 17.0115,99.8067 17.0131,99.8079 17.0160,99.8099 17.0173,99.8109 17.0196,99.8125 17.0212,99.8137 17.0221,99.8148 17.0221,99.8167 17.0218,99.8181 17.0216,99.8195
1368	s	16.9881,99.7891 16.9886,99.7890
1368	s	17.0057,99.7915 17.0030,99.7917 17.0000,99.7911
1368	s	16.9886,99.7890 16.9936,99.7899 16.9964,99.7904 16.9992,99.7909 17.0000,99.7911
12	p	17.0157,99.7379 17.0155,99.7396 17.0154,99.7411 17.0152,99.7436 17.0151,99.7455 17.0149,99.7480 17.0147,99.7499 17.0142,99.7545 17.0140,99.7568 17.0138,99.7582 17.0136,99.7600 17.0134,99.7618 17.0132,99.7633 17.0130,99.7648 17.0127,99.7675 17.0125,99.7691 17.0123,99.7711 17.0121,99.7728 17.0119,99.7743 17.0116,99.7761 17.0115,99.7776 17.0113,99.7793 17.0112,99.7809 17.0110,99.7829 17.0108,99.7850 17.0107,99.7868 17.0106,99.7886
1180	s	17.4668,99.9921 17.4635,99.9924 17.4607,99.9924 17.4571,99.9922 17.4511,99.9920 17.4481,99.9918 17.4448,99.9881 17.4427,99.9852 17.4409,99.9829 17.4384,99.9812 17.4349,99.9796 17.4308,99.9795 17.4276,99.9794 17.4247,99.9793 17.4220,99.9798 17.4185,99.9801 17.4151,99.9813 17.4111,99.9832 17.4075,99.9842 17.4033,99.9859 17.3996,99.9867 17.3965,99.9869 17.3934,99.9866 17.3906,99.9872 17.3878,99.9887 17.3843,99.9892 17.3797,99.9895 17.3769,99.9896 17.3742,99.9897
1180	s	17.4670,99.9921 17.4668,99.9921
1255	s	17.3595,100.0240 17.3560,100.0231 17.3547,100.0201 17.3529,100.0113 17.3521,100.0077 17.3515,100.0049 17.3485,100.0050 17.3473,99.9993 17.3462,99.9943 17.3455,99.9912 17.3453,99.9900
1318	s	17.3075,99.9784 17.3040,99.9776 17.2960,99.9753 17.2933,99.9745 17.2904,99.9736 17.2839,99.9734 17.2811,99.9734 17.2783,99.9733 17.2769,99.9699 17.2755,99.9669 17.2740,99.9636 17.2720,99.9616 17.2697,99.9598 17.2664,99.9588 17.2623,99.9577 17.2592,99.9570 17.2523,99.9571 17.2467,99.9573 17.2463,99.9574
1318	s	17.3080,99.9785 17.3075,99.9784
1308	s	17.1077,99.8002 17.1066,99.8024
1308	s	17.1065,99.8028 17.1050,99.8054 17.1035,99.8081 17.1024,99.8109 17.1010,99.8138 17.1004,99.8160
1308	s	17.1066,99.8024 17.1065,99.8028
1308	s	17.1078,99.7997 17.1077,99.8002
1347	s	17.0700,99.7921 17.0746,99.7911 17.0882,99.7908 17.0908,99.7900 17.0945,99.7877 17.1085,99.7787 17.1112,99.7774 17.1117,99.7772
1347	s	17.1122,99.7772 17.1117,99.7772
1347	s	17.1117,99.7772 17.1122,99.7772
สท.4011	r	17.1316,99.7778 17.1287,99.7722 17.1255,99.7676 17.1236,99.7611 17.1175,99.7578 17.1117,99.7576
102	p	17.3215,99.7367 17.3150,99.7346 17.3089,99.7326
102	p	17.3217,99.7368 17.3215,99.7367
102	p	17.1823,99.6973 17.1819,99.6974
101	p	17.5299,99.7689 17.5285,99.7679 17.5284,99.7678
101	p	17.5306,99.7692 17.5318,99.7700 17.5327,99.7712 17.5339,99.7736 17.5354,99.7753 17.5367,99.7766 17.5388,99.7779 17.5402,99.7784 17.5441,99.7776
101	p	17.5284,99.7678 17.5297,99.7686 17.5300,99.7688
101	p	17.5134,99.7606 17.5118,99.7597 17.5104,99.7589 17.5089,99.7584 17.5058,99.7576 17.5031,99.7578 17.4995,99.7583 17.4993,99.7583
101	p	17.4993,99.7583 17.5014,99.7580 17.5031,99.7577 17.5045,99.7575 17.5068,99.7578 17.5083,99.7582 17.5100,99.7587 17.5114,99.7594 17.5133,99.7604 17.5134,99.7606
101	p	17.4993,99.7583 17.4957,99.7589 17.4942,99.7592 17.4923,99.7596 17.4901,99.7601 17.4845,99.7613 17.4819,99.7618 17.4804,99.7622 17.4791,99.7631 17.4764,99.7659 17.4753,99.7670 17.4736,99.7688 17.4708,99.7717 17.4677,99.7748 17.4653,99.7777 17.4639,99.7795 17.4626,99.7812 17.4595,99.7850 17.4582,99.7858 17.4558,99.7869 17.4534,99.7878 17.4520,99.7884 17.4502,99.7896 17.4489,99.7904 17.4475,99.7913 17.4451,99.7928 17.4436,99.7938 17.4422,99.7947 17.4412,99.7960 17.4403,99.7972 17.4392,99.7987 17.4363,99.8018 17.4345,99.8037 17.4336,99.8048 17.4332,99.8063 17.4330,99.8079 17.4327,99.8108 17.4325,99.8125 17.4322,99.8148 17.4319,99.8169 17.4313,99.8188 17.4304,99.8200 17.4290,99.8209 17.4271,99.8215 17.4254,99.8218 17.4239,99.8220 17.4225,99.8217 17.4213,99.8205 17.4206,99.8191 17.4196,99.8175 17.4186,99.8165 17.4167,99.8148 17.4140,99.8123 17.4086,99.8073
12	s	17.0115,99.8370 17.0105,99.8340 17.0104,99.8336
12	s	17.0105,99.8335 17.0117,99.8369
12	p	17.0117,99.8369 17.0117,99.8370
1370	p	17.2787,99.8445 17.2778,99.8453
1370	p	17.2777,99.8452 17.2786,99.8444
	p	17.3030,99.8339 17.3021,99.8343
	p	17.3021,99.8342 17.3029,99.8338
1370	s	17.3525,99.8321 17.3498,99.8334 17.3446,99.8368 17.3418,99.8380 17.3390,99.8383 17.3351,99.8388 17.3309,99.8394 17.3272,99.8385 17.3243,99.8375 17.3218,99.8358 17.3208,99.8350
1370	p	17.2919,99.8383 17.2932,99.8377 17.2950,99.8369 17.2966,99.8363 17.2992,99.8353 17.3021,99.8342
1415	s	17.3263,99.5110 17.3261,99.5147 17.3255,99.5176 17.3260,99.5205 17.3272,99.5234 17.3276,99.5265 17.3280,99.5298 17.3282,99.5309
1413	s	17.0202,99.8214 17.0211,99.8214
1413	s	17.0211,99.8216 17.0202,99.8215
1319	s	16.8447,99.7425 16.8498,99.7420 16.8526,99.7417 16.8593,99.7411 16.8676,99.7403 16.8710,99.7399 16.8772,99.7393 16.8794,99.7391
1319	s	16.8759,99.7227 16.8762,99.7258 16.8770,99.7289 16.8777,99.7328 16.8784,99.7360 16.8794,99.7391
สท.3024	s	16.9102,99.7356 16.9132,99.7351 16.9190,99.7335
สท.4001	r	16.8236,99.8130 16.8255,99.8128
1415	s	17.3287,99.5041 17.3266,99.5063 17.3266,99.5094 17.3263,99.5110
สท.ถ1-0001	r	17.2222,99.7054 17.2265,99.7032
102	p	17.5299,99.7689 17.5292,99.7703 17.5292,99.7718 17.5298,99.7750 17.5302,99.7774 17.5310,99.7818 17.5314,99.7840 17.5324,99.7896 17.5330,99.7930 17.5335,99.7945 17.5353,99.7975 17.5360,99.7987 17.5361,99.7988
102	p	17.5360,99.7989 17.5352,99.7975 17.5336,99.7948 17.5330,99.7934 17.5327,99.7917 17.5324,99.7901 17.5321,99.7887 17.5318,99.7870 17.5314,99.7848 17.5312,99.7833 17.5309,99.7819 17.5305,99.7797 17.5301,99.7774 17.5296,99.7747 17.5294,99.7732 17.5291,99.7715 17.5294,99.7697 17.5299,99.7687
102	p	17.5506,99.8618 17.5516,99.8668 17.5529,99.8727 17.5529,99.8727
102	p	17.5361,99.7988 17.5369,99.8002 17.5373,99.8020 17.5379,99.8043 17.5388,99.8083 17.5395,99.8115 17.5402,99.8148 17.5407,99.8169 17.5419,99.8224 17.5426,99.8257 17.5431,99.8276 17.5434,99.8294 17.5441,99.8322 17.5444,99.8339 17.5448,99.8355 17.5452,99.8373 17.5458,99.8404 17.5467,99.8442 17.5477,99.8486 17.5489,99.8542 17.5494,99.8564 17.5506,99.8618
102	p	17.5529,99.8727 17.5526,99.8713 17.5520,99.8687 17.5516,99.8672 17.5512,99.8650 17.5508,99.8633 17.5505,99.8619 17.5504,99.8618
101	p	17.2728,99.8406 17.2726,99.8405
101	p	17.2777,99.8452 17.2764,99.8435 17.2749,99.8423 17.2728,99.8406
101	p	17.2077,99.8680 17.2095,99.8673 17.2135,99.8655 17.2154,99.8646 17.2173,99.8637 17.2196,99.8626 17.2240,99.8605 17.2276,99.8588 17.2289,99.8583 17.2303,99.8582 17.2329,99.8582 17.2344,99.8582 17.2359,99.8582 17.2378,99.8582 17.2429,99.8583 17.2456,99.8583 17.2485,99.8583 17.2503,99.8583 17.2518,99.8580 17.2531,99.8572 17.2550,99.8550 17.2588,99.8500 17.2596,99.8488 17.2623,99.8453 17.2639,99.8431 17.2650,99.8420 17.2663,99.8414 17.2677,99.8410 17.2704,99.8400 17.2718,99.8399 17.2726,99.8404
101	p	17.2726,99.8405 17.2711,99.8400 17.2677,99.8411 17.2664,99.8415 17.2651,99.8421 17.2640,99.8431 17.2629,99.8446 17.2605,99.8478 17.2592,99.8496 17.2551,99.8551 17.2540,99.8565 17.2529,99.8575 17.2515,99.8582 17.2485,99.8584 17.2433,99.8584 17.2377,99.8583 17.2344,99.8583 17.2329,99.8583 17.2307,99.8583 17.2292,99.8584 17.2277,99.8589 17.2256,99.8599 17.2220,99.8616 17.2201,99.8625 17.2174,99.8638 17.2146,99.8650 17.2134,99.8656 17.2101,99.8672 17.2086,99.8678 17.2077,99.8680
101	p	17.2726,99.8404 17.2728,99.8405
101	p	17.2728,99.8405 17.2741,99.8416 17.2761,99.8432 17.2778,99.8451
1053	s	17.0220,99.8816 17.0218,99.8819
สท.2009	r	17.0213,99.9728 17.0210,99.9727
12	p	17.0209,99.8992 17.0200,99.9013
12	p	17.0211,99.8985 17.0239,99.8923 17.0258,99.8882 17.0262,99.8867 17.0262,99.8823 17.0261,99.8805 17.0254,99.8781 17.0247,99.8759 17.0239,99.8736 17.0224,99.8691 17.0212,99.8657 17.0205,99.8636 17.0194,99.8602 17.0186,99.8578 17.0170,99.8533 17.0152,99.8477 17.0146,99.8459 17.0140,99.8442 17.0134,99.8426 17.0129,99.8411 17.0125,99.8397 17.0119,99.8380 17.0115,99.8370
1053	s	17.0218,99.8819 17.0191,99.8823 17.0151,99.8809 17.0124,99.8803 17.0097,99.8798 17.0064,99.8793 17.0054,99.8789
สท.6050	r	17.0354,99.9068 17.0341,99.9124 17.0333,99.9138
สท.2009	r	17.0210,99.9727 17.0158,99.9709 17.0110,99.9680 17.0065,99.9620 17.0016,99.9561 16.9957,99.9535
12	p	17.0199,99.9013 17.0205,99.8998 17.0208,99.8991
12	p	17.0198,99.9017 17.0172,99.9074 17.0140,99.9144 17.0110,99.9209 17.0099,99.9235 17.0088,99.9258
12	p	17.0197,99.9017 17.0199,99.9013
12	p	17.0200,99.9013 17.0198,99.9017
1053	s	17.0051,99.8788 17.0025,99.8773 17.0002,99.8758 16.9975,99.8751 16.9944,99.8739 16.9926,99.8731
1053	s	17.0054,99.8789 17.0051,99.8788
101	p	17.3412,99.8470 17.3435,99.8469 17.3449,99.8467 17.3463,99.8457 17.3483,99.8415 17.3491,99.8398 17.3498,99.8382
101	p	17.3498,99.8382 17.3499,99.8378
101	p	17.3499,99.8378 17.3517,99.8339 17.3522,99.8328
101	p	17.3795,99.8025 17.3797,99.8023
101	p	17.3796,99.8026 17.3767,99.8047 17.3747,99.8061 17.3746,99.8062
101	p	17.3798,99.8025 17.3796,99.8026
101	p	17.3740,99.8064 17.3745,99.8061
101	p	17.3745,99.8061 17.3760,99.8050 17.3781,99.8035 17.3795,99.8025
101	p	17.3528,99.8315 17.3534,99.8301 17.3544,99.8289 17.3556,99.8278 17.3570,99.8269 17.3586,99.8258 17.3598,99.8250 17.3608,99.8238 17.3624,99.8214 17.3636,99.8197 17.3646,99.8182 17.3659,99.8161 17.3678,99.8133 17.3689,99.8118 17.3703,99.8100 17.3717,99.8083 17.3733,99.8069 17.3740,99.8064
1272	s	17.0548,99.7185 17.0569,99.7163
1272	s	17.0573,99.7166 17.0548,99.7185
1177	s	17.6693,99.6924 17.6667,99.6917 17.6649,99.6912
1177	s	17.6649,99.6912 17.6618,99.6916 17.6587,99.6901 17.6563,99.6887 17.6531,99.6890 17.6500,99.6894 17.6475,99.6871 17.6444,99.6866 17.6424,99.6838 17.6376,99.6829 17.6345,99.6843 17.6318,99.6856 17.6314,99.6886 17.6318,99.6928 17.6310,99.6970 17.6289,99.7004 17.6261,99.7014 17.6237,99.7028 17.6219,99.7052 17.6191,99.7066 17.6171,99.7086 17.6143,99.7089 17.6117,99.7072 17.6090,99.7068 17.6064,99.7108 17.6058,99.7136 17.6058,99.7138
101	p	17.5157,99.7619 17.5170,99.7627 17.5191,99.7639 17.5205,99.7645 17.5221,99.7650 17.5243,99.7657 17.5256,99.7661 17.5273,99.7671 17.5284,99.7678
101	p	17.3797,99.8023 17.3810,99.8014 17.3824,99.8004 17.3838,99.7998 17.3853,99.7997 17.3877,99.8003 17.3890,99.8007 17.3904,99.8011 17.3918,99.8014 17.3929,99.8017
101	p	17.3929,99.8019 17.3916,99.8015 17.3881,99.8006 17.3857,99.8000 17.3842,99.7999 17.3825,99.8005 17.3809,99.8017 17.3798,99.8025
101	p	17.3321,99.8475 17.3279,99.8478 17.3264,99.8478 17.3262,99.8478
101	p	17.3262,99.8478 17.3253,99.8479
101	p	17.3262,99.8478 17.3277,99.8477 17.3291,99.8476 17.3314,99.8475 17.3321,99.8474
101	p	17.3253,99.8479 17.3239,99.8480 17.3221,99.8481 17.3201,99.8482 17.3187,99.8483 17.3150,99.8485 17.3119,99.8485 17.3100,99.8484 17.3062,99.8484 17.2953,99.8481 17.2872,99.8478 17.2848,99.8478 17.2832,99.8477 17.2816,99.8477 17.2799,99.8472 17.2788,99.8464 17.2778,99.8453 17.2777,99.8452
101	p	17.2778,99.8451 17.2788,99.8463 17.2800,99.8471 17.2816,99.8476 17.2832,99.8476 17.2848,99.8477 17.2865,99.8477 17.2907,99.8478 17.2953,99.8479 17.2972,99.8480 17.3062,99.8482 17.3092,99.8483 17.3119,99.8484 17.3137,99.8484 17.3187,99.8482 17.3201,99.8481 17.3248,99.8478 17.3253,99.8479
สท.5091	r	17.2832,99.8476 17.2833,99.8441
1195	s	17.2281,99.8476 17.2253,99.8481 17.2226,99.8497 17.2197,99.8502 17.2173,99.8500
101	p	17.1163,99.8512 17.1169,99.8512
1415	s	17.3282,99.5309 17.3261,99.5333 17.3238,99.5350 17.3222,99.5366
1415	s	17.3282,99.5309 17.3282,99.5309
1404	s	17.4977,99.7527 17.4961,99.7528
102	p	17.4977,99.7527 17.4966,99.7519
102	p	17.4977,99.7526 17.4992,99.7525 17.4993,99.7525
102	p	17.4966,99.7519 17.4977,99.7527
102	p	17.4993,99.7525 17.4979,99.7527 17.4977,99.7527
1404	s	17.4961,99.7528 17.4977,99.7526
101	p	17.8018,99.8494 17.8022,99.8496
1180	s	17.3463,99.9801 17.3444,99.9714 17.3432,99.9656 17.3418,99.9592 17.3410,99.9553
1180	s	17.3464,99.9805 17.3463,99.9801
1180	s	17.3738,99.9897 17.3700,99.9899 17.3670,99.9899 17.3643,99.9895 17.3601,99.9883 17.3571,99.9874 17.3537,99.9867 17.3511,99.9863 17.3483,99.9861 17.3470,99.9832 17.3464,99.9805
1180	s	17.3742,99.9897 17.3738,99.9897
สท.3048	r	16.7528,99.6961 16.7509,99.7015 16.7468,99.7049
สท.3048	r	16.7468,99.7049 16.7466,99.7050
สท.ถ1-0022	r	17.0365,99.5661 17.0415,99.5631 17.0473,99.5625 17.0509,99.5630
สท.ถ1-0022	r	17.0509,99.5630 17.0511,99.5629
สท.ถ1-0022	r	17.0064,99.5711 17.0124,99.5699 17.0184,99.5690 17.0239,99.5678 17.0246,99.5668
สท.ถ1-0022	r	17.0246,99.5668 17.0247,99.5665
สท.3019	r	16.8691,99.5837 16.8635,99.5831 16.8579,99.5831 16.8523,99.5833 16.8435,99.5826 16.8333,99.5826 16.8326,99.5829
สท.3019	r	16.8326,99.5829 16.8324,99.5831
1327	s	17.0142,99.5912 17.0174,99.5906 17.0206,99.5902 17.0237,99.5906 17.0279,99.5902 17.0308,99.5914 17.0338,99.5928 17.0405,99.5943 17.0432,99.5942
1327	s	17.0432,99.5942 17.0435,99.5942
สท.ถ1-0022	r	17.0247,99.5665 17.0302,99.5656 17.0357,99.5670 17.0364,99.5665
สท.ถ1-0022	r	17.0364,99.5665 17.0365,99.5661
สท.3048	r	17.0566,99.6467 17.0508,99.6497 17.0450,99.6489 17.0409,99.6490
สท.3048	r	17.0569,99.6468 17.0566,99.6467
101	p	17.3321,99.8474 17.3340,99.8473 17.3354,99.8473 17.3369,99.8472 17.3384,99.8471 17.3412,99.8470
101	p	17.3413,99.8471 17.3384,99.8472 17.3369,99.8473 17.3355,99.8474 17.3340,99.8474 17.3321,99.8475
1180	s	17.3349,99.8465 17.3361,99.8481
1180	s	17.3361,99.8481 17.3349,99.8465
1180	s	17.3349,99.8465 17.3326,99.8434 17.3299,99.8397
สท.3009	r	16.9396,100.0336 16.9394,100.0351
สท.3009	r	16.9397,100.0333 16.9396,100.0336
1293	s	16.8546,99.9367 16.8545,99.9408 16.8543,99.9441 16.8538,99.9473 16.8533,99.9502 16.8526,99.9532 16.8528,99.9568 16.8532,99.9600 16.8529,99.9633 16.8500,99.9639 16.8454,99.9655 16.8417,99.9666 16.8378,99.9676 16.8350,99.9682 16.8317,99.9697 16.8268,99.9714 16.8241,99.9724 16.8213,99.9735 16.8184,99.9746 16.8148,99.9758 16.8151,99.9801 16.8143,99.9860 16.8132,99.9897 16.8126,99.9930 16.8121,99.9968 16.8114,100.0040 16.8110,100.0071 16.8106,100.0099 16.8100,100.0134 16.8092,100.0174 16.8085,100.0202 16.8067,100.0224 16.8035,100.0255 16.8026,100.0267
3044	r	17.0137,99.7741 17.0137,99.7741
3044	r	17.0136,99.7741 17.0137,99.7741
101	p	16.8099,99.7879 16.8086,99.7875 16.8071,99.7869 16.8057,99.7863 16.8043,99.7850 16.8033,99.7834 16.8025,99.7821 16.8013,99.7801 16.8004,99.7786 16.7996,99.7772 16.7986,99.7755 16.7972,99.7732 16.7963,99.7718 16.7953,99.7702 16.7942,99.7685 16.7935,99.7672 16.7927,99.7659 16.7914,99.7637 16.7904,99.7621 16.7896,99.7607 16.7886,99.7590 16.7878,99.7578 16.7865,99.7557 16.7856,99.7542 16.7847,99.7526 16.7843,99.7512 16.7838,99.7497 16.7834,99.7479 16.7829,99.7463 16.7825,99.7449 16.7818,99.7433 16.7807,99.7413 16.7799,99.7398 16.7783,99.7368 16.7768,99.7340 16.7755,99.7315 16.7747,99.7302 16.7738,99.7285 16.7722,99.7257 16.7701,99.7218
1318	s	17.1650,99.8658 17.1661,99.8640
1318	s	17.1650,99.8659 17.1650,99.8658
1054	s	17.1609,99.8662 17.1619,99.8634 17.1622,99.8629
1054	s	17.1610,99.8665 17.1609,99.8662
101	p	17.1953,99.8668 17.1972,99.8670 17.1988,99.8672 17.2035,99.8678 17.2050,99.8680 17.2067,99.8681 17.2077,99.8680
101	p	17.1951,99.8668 17.1953,99.8668
สท.010	r	17.2241,99.8583 17.2244,99.8585
สท.010	r	17.2235,99.8577 17.2241,99.8583
1373	s	17.3640,99.9888 17.3621,99.9858 17.3604,99.9832 17.3588,99.9807 17.3547,99.9743
สท.4012	r	17.1317,99.9101 17.1326,99.9043 17.1315,99.8970
สท.4012	r	17.1316,99.9105 17.1317,99.9101
1318	s	17.1697,99.8798 17.1683,99.8762 17.1672,99.8731 17.1661,99.8703 17.1651,99.8675 17.1650,99.8659
1318	s	17.1697,99.8800 17.1697,99.8798
สท.2004	r	17.1496,99.8786 17.1506,99.8732
สท.2004	r	17.1495,99.8788 17.1496,99.8786
12	t	17.0390,99.6462 17.0391,99.6464
12	t	17.0079,99.9298 17.0075,99.9300
12	t	17.0058,99.9309 17.0075,99.9298 17.0077,99.9297
101	p	16.7700,99.7215 16.7689,99.7195 16.7677,99.7174 16.7652,99.7128 16.7624,99.7076 16.7603,99.7037 16.7596,99.7024 16.7585,99.7005 16.7576,99.6994 16.7564,99.6984 16.7550,99.6976 16.7536,99.6966 16.7522,99.6957 16.7475,99.6925 16.7441,99.6903 16.7410,99.6883 16.7389,99.6869 16.7362,99.6851 16.7347,99.6841 16.7336,99.6832 16.7326,99.6821 16.7315,99.6804 16.7301,99.6783 16.7293,99.6771 16.7280,99.6751
101	p	16.7701,99.7218 16.7700,99.7215
101	p	16.7280,99.6751 16.7279,99.6748
	p	17.2788,99.8442 17.2793,99.8442
1370	p	17.2793,99.8442 17.2789,99.8444
	p	17.2787,99.8445 17.2787,99.8445
102	p	17.5300,99.7688 17.5299,99.7689
101	p	17.5306,99.7692 17.5299,99.7689
101	p	17.5300,99.7688 17.5306,99.7692
101	p	17.5134,99.7606 17.5149,99.7614 17.5157,99.7619
สท.4053	r	17.3349,99.9416 17.3383,99.9408
สท.4053	r	17.3346,99.9417 17.3349,99.9416
1347	s	17.0680,99.7924 17.0700,99.7921
สท.4048	r	17.3841,99.9892 17.3840,99.9905
สท.4048	r	17.3840,99.9905 17.3840,99.9908
สท.4048	r	17.3840,99.9908 17.3827,99.9991 17.3816,100.0062 17.3811,100.0095
สท.4048	r	17.3811,100.0095 17.3811,100.0097
สท.4048	r	17.3674,100.0052 17.3670,100.0050
1318	s	17.2409,99.9576 17.2306,99.9547 17.2268,99.9535 17.2201,99.9513
1318	s	17.2463,99.9574 17.2458,99.9574
1318	s	17.2414,99.9575 17.2409,99.9576
1324	s	17.2060,99.9748 17.2073,99.9721 17.2078,99.9687 17.2083,99.9645 17.2091,99.9586 17.2099,99.9556
1324	s	17.2058,99.9753 17.2060,99.9748
1318	s	17.1905,99.9247 17.1850,99.9248
1318	s	17.1850,99.9248 17.1847,99.9248
สท.ถ1-0018	r	17.2182,99.8937 17.2182,99.8940
สท.ถ1-0018	r	17.2182,99.8940 17.2182,99.8945
สท.2009	r	17.0248,99.9743 17.0213,99.9728
สท.2009	r	17.0252,99.9745 17.0248,99.9743
สท.5023	r	17.0692,99.9541 17.0694,99.9602 17.0671,99.9655 17.0668,99.9666
สท.5023	r	17.0693,99.9537 17.0692,99.9541
สท.ถ1-0001	r	17.2790,99.6780 17.2855,99.6755 17.2879,99.6729
สท.ถ1-0001	r	17.2788,99.6781 17.2790,99.6780
1056	s	17.1714,99.7265 17.1716,99.7296 17.1731,99.7338 17.1745,99.7374 17.1779,99.7455 17.1786,99.7472
1056	s	17.1786,99.7472 17.1787,99.7475
สท.4011	r	17.1325,99.7778 17.1350,99.7724 17.1412,99.7707 17.1475,99.7696 17.1532,99.7704 17.1541,99.7705
สท.4011	r	17.1541,99.7705 17.1543,99.7706
สท.4013	r	17.2248,99.7059 17.2233,99.7128 17.2215,99.7183 17.2180,99.7230 17.2158,99.7284 17.2123,99.7346 17.2126,99.7416 17.2142,99.7472 17.2153,99.7505
สท.4013	r	17.2153,99.7505 17.2155,99.7508
1056	s	17.1787,99.7475 17.1812,99.7532 17.1828,99.7567 17.1840,99.7596 17.1840,99.7629 17.1869,99.7666 17.1892,99.7683 17.1900,99.7691
1056	s	17.1900,99.7691 17.1902,99.7694
1195	s	17.0750,99.8314 17.0782,99.8308 17.0806,99.8284 17.0830,99.8239 17.0843,99.8213 17.0865,99.8183 17.0889,99.8167 17.0919,99.8159 17.0948,99.8158 17.0980,99.8156 17.1055,99.8169 17.1084,99.8174 17.1119,99.8180 17.1171,99.8189 17.1215,99.8198 17.1248,99.8206 17.1263,99.8210
1195	s	17.1263,99.8210 17.1264,99.8210
1327	s	17.2410,99.5159 17.2439,99.5162 17.2493,99.5188 17.2518,99.5202 17.2565,99.5238 17.2607,99.5291 17.2630,99.5322 17.2644,99.5347 17.2677,99.5345 17.2709,99.5323 17.2726,99.5310
1327	s	17.2406,99.5158 17.2410,99.5159
1327	s	17.3219,99.5365 17.3222,99.5366
1327	s	17.3219,99.5365 17.3223,99.5364
106	p	17.3350,99.4887 17.3351,99.4869
106	p	17.3287,99.5041 17.3309,99.4999 17.3341,99.4940 17.3346,99.4923 17.3348,99.4903 17.3350,99.4887
1415	s	17.3289,99.5041 17.3287,99.5041
1201	s	17.3425,99.8263 17.3451,99.8253 17.3481,99.8236 17.3532,99.8206
1201	s	17.3532,99.8206 17.3538,99.8203
1294	s	17.5532,99.4845 17.5537,99.4869
1294	s	17.5537,99.4869 17.5536,99.4871
สท.ถ1-0014	r	17.5287,99.9016 17.5228,99.9012 17.5174,99.9032 17.5150,99.9035
สท.ถ1-0014	r	17.5289,99.9017 17.5287,99.9016
สท.5023	r	17.1149,99.8890 17.1147,99.8901
สท.5023	r	17.1149,99.8887 17.1149,99.8890
สท.4011	r	17.1543,99.7706 17.1592,99.7703
สท.4011	r	17.1592,99.7703 17.1595,99.7703
1055	s	16.8964,99.9490 16.9000,99.9504 16.9024,99.9510
1055	s	16.8959,99.9489 16.8964,99.9490
สท.4021	r	16.8043,99.8265 16.8080,99.8218 16.8108,99.8168 16.8108,99.8167
สท.4021	r	16.8041,99.8266 16.8043,99.8265
1311	s	16.8231,99.8180 16.8233,99.8140 16.8236,99.8130
1311	s	16.8231,99.8182 16.8231,99.8180
1311	s	16.8219,99.8248 16.8229,99.8206 16.8231,99.8182
1311	s	16.8218,99.8250 16.8219,99.8248
1272	s	16.9490,99.7441 16.9414,99.7468 16.9384,99.7479 16.9345,99.7493 16.9300,99.7509 16.9271,99.7519 16.9211,99.7541 16.9143,99.7565 16.9052,99.7598 16.8988,99.7620 16.8988,99.7621
1272	s	16.8988,99.7621 16.8985,99.7621
12	t	17.0051,99.5637 17.0057,99.5670 17.0061,99.5696 17.0064,99.5711 17.0067,99.5727 17.0070,99.5744 17.0072,99.5760 17.0083,99.5785 17.0092,99.5805 17.0102,99.5825 17.0115,99.5853 17.0121,99.5866 17.0129,99.5884 17.0141,99.5907 17.0157,99.5941 17.0166,99.5960 17.0177,99.5983 17.0186,99.6002 17.0197,99.6024 17.0216,99.6066 17.0247,99.6132 17.0265,99.6169 17.0270,99.6184 17.0273,99.6207 17.0276,99.6225 17.0279,99.6244 17.0283,99.6262 17.0313,99.6318 17.0321,99.6333 17.0332,99.6354 17.0341,99.6373 17.0359,99.6405 17.0370,99.6425 17.0381,99.6446 17.0389,99.6461 17.0390,99.6462
12	t	17.0051,99.5636 17.0051,99.5637
12	t	17.0384,99.6454 17.0369,99.6426 17.0340,99.6373 17.0282,99.6262 17.0277,99.6244 17.0275,99.6226 17.0269,99.6184 17.0264,99.6169 17.0218,99.6073 17.0199,99.6034 17.0177,99.5985 17.0153,99.5936 17.0145,99.5919 17.0131,99.5889 17.0123,99.5872 17.0116,99.5856 17.0100,99.5823 17.0078,99.5777 17.0072,99.5764 17.0069,99.5749 17.0066,99.5732 17.0063,99.5711 17.0060,99.5696 17.0057,99.5678 17.0053,99.5650 17.0050,99.5637
12	t	17.0050,99.5637 17.0050,99.5636
1056	s	17.1832,99.8276 17.1828,99.8315 17.1818,99.8347 17.1807,99.8377 17.1788,99.8431 17.1764,99.8493 17.1762,99.8500
1056	s	17.1832,99.8272 17.1832,99.8276
102	p	17.5504,99.8618 17.5493,99.8566 17.5488,99.8542 17.5476,99.8486 17.5468,99.8453 17.5457,99.8405 17.5451,99.8378 17.5447,99.8356 17.5443,99.8340 17.5439,99.8322 17.5433,99.8295 17.5429,99.8276 17.5425,99.8258 17.5417,99.8224 17.5405,99.8169 17.5401,99.8149 17.5393,99.8116 17.5386,99.8083 17.5380,99.8056 17.5374,99.8030 17.5370,99.8010 17.5360,99.7989
101	p	17.1377,99.8500 17.1357,99.8501 17.1323,99.8503 17.1302,99.8505 17.1269,99.8506 17.1249,99.8508 17.1231,99.8508 17.1226,99.8508
101	p	17.1420,99.8504 17.1464,99.8516 17.1490,99.8523 17.1506,99.8528 17.1521,99.8537 17.1533,99.8546 17.1547,99.8557 17.1560,99.8566 17.1573,99.8576 17.1585,99.8585 17.1588,99.8587
101	p	17.1169,99.8512 17.1191,99.8511 17.1208,99.8510 17.1226,99.8508 17.1257,99.8506 17.1289,99.8504 17.1321,99.8502 17.1345,99.8501 17.1383,99.8498 17.1398,99.8499 17.1413,99.8503 17.1420,99.8504
101	p	17.1588,99.8587 17.1573,99.8577 17.1559,99.8567 17.1540,99.8553 17.1529,99.8544 17.1514,99.8534 17.1496,99.8526 17.1463,99.8517 17.1445,99.8512 17.1419,99.8506 17.1403,99.8501 17.1388,99.8499 17.1377,99.8500
	p	17.0184,99.7152 17.0184,99.7149
	p	17.0184,99.7149 17.0186,99.7129 17.0186,99.7115 17.0185,99.7097 17.0185,99.7082 17.0191,99.7069 17.0208,99.7067 17.0213,99.7051 17.0211,99.7036 17.0207,99.7011 17.0204,99.6995 17.0200,99.6977 17.0203,99.6955 17.0207,99.6933 17.0212,99.6895 17.0220,99.6874 17.0238,99.6848 17.0252,99.6828 17.0275,99.6795 17.0288,99.6776 17.0299,99.6760
12	p	17.0106,99.7886 17.0105,99.7896
	p	17.0105,99.7887 17.0106,99.7868 17.0108,99.7843 17.0110,99.7821 17.0111,99.7803 17.0114,99.7774 17.0117,99.7748 17.0119,99.7731 17.0122,99.7713 17.0125,99.7684 17.0128,99.7655 17.0132,99.7624 17.0137,99.7583 17.0141,99.7554 17.0147,99.7489 17.0151,99.7436 17.0153,99.7416 17.0154,99.7408
12	p	17.0105,99.7896 17.0104,99.7906
1272	s	17.0184,99.7152 17.0150,99.7148 17.0118,99.7144 17.0083,99.7140 17.0049,99.7156 17.0047,99.7157
1272	s	17.0047,99.7157 17.0045,99.7158
สท.3044	r	17.0509,99.7758 17.0566,99.7752 17.0625,99.7759 17.0649,99.7764
สท.3044	r	17.0446,99.7753 17.0448,99.7753
สท.3044	r	17.0448,99.7753 17.0505,99.7759 17.0506,99.7758
สท.3044	r	17.0506,99.7758 17.0509,99.7758
	t	17.0586,99.7238 17.0585,99.7238
1370	s	17.3208,99.8350 17.3232,99.8368 17.3260,99.8380 17.3286,99.8388 17.3330,99.8390 17.3364,99.8385 17.3406,99.8380 17.3433,99.8374 17.3473,99.8349 17.3497,99.8333 17.3525,99.8321